Player,Team,Pos,G,AB,R,H,2B,3B,HR,RBI,SB,CS,BB,SO,SH,SF,HBP,AVG,OBP,SLG,OPS
Jose Altuve,HOU,2B,154.0,638.0,86.0,200.0,40.0,4.0,15.0,66.0,38.0,13.0,33.0,67.0,3.0,6.0,9.0,0.313,0.353,0.459,0.812
Manny Machado,BAL,SS,162.0,633.0,102.0,181.0,30.0,1.0,35.0,86.0,20.0,8.0,70.0,111.0,2.0,4.0,4.0,0.286,0.359,0.502,0.861
Kole Calhoun,LAA,OF,159.0,630.0,78.0,161.0,23.0,2.0,26.0,83.0,4.0,1.0,45.0,164.0,2.0,4.0,5.0,0.256,0.308,0.422,0.73
Melky Cabrera,CWS,OF,158.0,629.0,70.0,172.0,36.0,2.0,12.0,77.0,3.0,0.0,40.0,88.0,2.0,10.0,2.0,0.273,0.314,0.394,0.708
Brian Dozier,MIN,2B,157.0,628.0,101.0,148.0,39.0,4.0,28.0,77.0,12.0,4.0,61.0,148.0,0.0,8.0,7.0,0.236,0.307,0.444,0.751
Robinson Cano,SEA,2B,156.0,624.0,82.0,179.0,34.0,1.0,21.0,79.0,2.0,6.0,43.0,107.0,0.0,4.0,3.0,0.287,0.334,0.446,0.78
Ian Kinsler,DET,2B,154.0,624.0,94.0,185.0,35.0,7.0,11.0,73.0,10.0,6.0,43.0,80.0,0.0,5.0,3.0,0.296,0.342,0.428,0.77
Kyle Seager,SEA,3B,161.0,623.0,85.0,166.0,37.0,0.0,26.0,74.0,6.0,6.0,54.0,98.0,0.0,4.0,5.0,0.266,0.328,0.451,0.779
Josh Donaldson,TOR,3B,158.0,620.0,122.0,184.0,41.0,2.0,41.0,123.0,6.0,0.0,73.0,133.0,2.0,10.0,6.0,0.297,0.371,0.568,0.939
Todd Frazier,CIN,3B,157.0,619.0,82.0,158.0,43.0,1.0,35.0,89.0,13.0,8.0,44.0,137.0,1.0,7.0,7.0,0.255,0.309,0.498,0.807
Nolan Arenado,COL,3B,157.0,616.0,97.0,177.0,43.0,4.0,42.0,130.0,2.0,5.0,34.0,110.0,0.0,11.0,4.0,0.287,0.323,0.575,0.898
Dee Gordon,MIA,2B,145.0,615.0,88.0,205.0,24.0,8.0,4.0,46.0,58.0,20.0,25.0,91.0,6.0,5.0,2.0,0.333,0.359,0.418,0.777
Charlie Blackmon,COL,OF,157.0,614.0,93.0,176.0,31.0,9.0,17.0,58.0,43.0,13.0,46.0,112.0,5.0,4.0,13.0,0.287,0.347,0.45,0.797
Xander Bogaerts,BOS,SS,156.0,613.0,84.0,196.0,35.0,3.0,7.0,81.0,10.0,2.0,32.0,101.0,3.0,3.0,3.0,0.32,0.355,0.421,0.776
Jose Abreu,CWS,1B,154.0,613.0,88.0,178.0,34.0,3.0,30.0,101.0,0.0,0.0,39.0,140.0,0.0,1.0,15.0,0.29,0.347,0.502,0.849
Prince Fielder,TEX,DH,158.0,613.0,78.0,187.0,28.0,0.0,23.0,98.0,0.0,0.0,64.0,88.0,0.0,5.0,11.0,0.305,0.378,0.463,0.841
Alcides Escobar,KC,SS,148.0,612.0,76.0,157.0,20.0,5.0,3.0,47.0,17.0,5.0,26.0,75.0,11.0,5.0,8.0,0.257,0.293,0.32,0.613
Nick Markakis,ATL,OF,156.0,612.0,73.0,181.0,38.0,1.0,3.0,53.0,2.0,1.0,70.0,83.0,0.0,1.0,3.0,0.296,0.37,0.376,0.746
Adam Eaton,CWS,OF,153.0,610.0,98.0,175.0,28.0,9.0,14.0,56.0,18.0,8.0,58.0,131.0,5.0,2.0,14.0,0.287,0.361,0.431,0.792
A.J. Pollock,ARI,OF,157.0,609.0,111.0,192.0,39.0,6.0,20.0,76.0,39.0,7.0,53.0,89.0,0.0,9.0,2.0,0.315,0.367,0.498,0.865
Evan Longoria,TB,3B,160.0,604.0,74.0,163.0,35.0,1.0,21.0,73.0,3.0,1.0,51.0,132.0,0.0,9.0,6.0,0.27,0.328,0.435,0.763
Albert Pujols,LAA,1B,157.0,602.0,85.0,147.0,22.0,0.0,40.0,95.0,5.0,3.0,50.0,72.0,0.0,3.0,6.0,0.244,0.307,0.48,0.787
Eric Hosmer,KC,1B,158.0,599.0,98.0,178.0,33.0,5.0,18.0,93.0,7.0,3.0,61.0,108.0,1.0,3.0,3.0,0.297,0.363,0.459,0.822
Mookie Betts,BOS,OF,145.0,597.0,92.0,174.0,42.0,8.0,18.0,77.0,21.0,6.0,46.0,82.0,3.0,6.0,2.0,0.291,0.341,0.479,0.82
Erick Aybar,LAA,SS,156.0,597.0,74.0,161.0,30.0,1.0,3.0,44.0,15.0,6.0,25.0,73.0,7.0,5.0,4.0,0.27,0.301,0.338,0.639
J.D. Martinez,DET,OF,158.0,596.0,93.0,168.0,33.0,2.0,38.0,102.0,3.0,2.0,53.0,178.0,0.0,3.0,5.0,0.282,0.344,0.535,0.879
Matt Kemp,SD,OF,154.0,596.0,80.0,158.0,31.0,3.0,23.0,100.0,12.0,2.0,39.0,147.0,0.0,8.0,5.0,0.265,0.312,0.443,0.755
Dexter Fowler,CHC,OF,156.0,596.0,102.0,149.0,29.0,8.0,17.0,46.0,20.0,7.0,84.0,154.0,2.0,3.0,5.0,0.25,0.346,0.411,0.757
Elvis Andrus,TEX,SS,160.0,596.0,69.0,154.0,34.0,2.0,7.0,62.0,25.0,9.0,46.0,78.0,8.0,9.0,2.0,0.258,0.309,0.357,0.666
Gregory Polanco,PIT,OF,153.0,593.0,83.0,152.0,35.0,6.0,9.0,52.0,27.0,10.0,55.0,121.0,1.0,2.0,1.0,0.256,0.32,0.381,0.701
Joe Mauer,MIN,1B,158.0,592.0,69.0,157.0,34.0,2.0,10.0,66.0,2.0,1.0,67.0,112.0,1.0,5.0,1.0,0.265,0.338,0.38,0.718
Nelson Cruz,SEA,DH,152.0,590.0,90.0,178.0,22.0,1.0,44.0,93.0,3.0,2.0,59.0,164.0,0.0,1.0,5.0,0.302,0.369,0.566,0.935
Brandon Phillips,CIN,2B,148.0,588.0,69.0,173.0,19.0,2.0,12.0,70.0,23.0,3.0,27.0,68.0,1.0,3.0,4.0,0.294,0.328,0.395,0.723
Anthony Rizzo,CHC,1B,160.0,586.0,94.0,163.0,38.0,3.0,31.0,101.0,17.0,6.0,78.0,105.0,0.0,7.0,30.0,0.278,0.387,0.512,0.899
Kevin Pillar,TOR,OF,159.0,586.0,76.0,163.0,31.0,2.0,12.0,56.0,25.0,4.0,28.0,85.0,4.0,5.0,5.0,0.278,0.314,0.399,0.713
Ian Desmond,WAS,OF,156.0,583.0,69.0,136.0,27.0,2.0,19.0,62.0,13.0,5.0,45.0,187.0,6.0,4.0,3.0,0.233,0.29,0.384,0.674
Alexei Ramirez,CWS,SS,154.0,583.0,54.0,145.0,33.0,0.0,10.0,62.0,17.0,7.0,31.0,68.0,1.0,6.0,1.0,0.249,0.285,0.357,0.642
Chase Headley,NYY,3B,156.0,580.0,74.0,150.0,29.0,1.0,11.0,62.0,0.0,2.0,51.0,135.0,0.0,4.0,7.0,0.259,0.324,0.369,0.693
Curtis Granderson,NYM,OF,157.0,580.0,98.0,150.0,33.0,2.0,26.0,70.0,11.0,6.0,91.0,151.0,0.0,4.0,7.0,0.259,0.364,0.457,0.821
Jay Bruce,CIN,1B,157.0,580.0,72.0,131.0,35.0,4.0,26.0,87.0,9.0,5.0,58.0,145.0,0.0,9.0,2.0,0.226,0.294,0.434,0.728
Starling Marte,PIT,OF,153.0,579.0,84.0,166.0,30.0,2.0,19.0,81.0,30.0,10.0,27.0,123.0,3.0,5.0,19.0,0.287,0.337,0.444,0.781
Jhonny Peralta,STL,3B,155.0,579.0,64.0,159.0,26.0,1.0,17.0,71.0,1.0,4.0,50.0,111.0,0.0,6.0,5.0,0.275,0.334,0.411,0.745
Mike Trout,LAA,OF,159.0,575.0,104.0,172.0,32.0,6.0,41.0,90.0,11.0,7.0,92.0,158.0,0.0,5.0,10.0,0.299,0.402,0.59,0.992
Matt Carpenter,STL,1B,154.0,574.0,101.0,156.0,44.0,3.0,28.0,84.0,4.0,3.0,81.0,151.0,0.0,4.0,6.0,0.272,0.365,0.505,0.87
Matt Duffy,SF,3B,149.0,573.0,77.0,169.0,28.0,6.0,12.0,77.0,12.0,0.0,30.0,96.0,2.0,2.0,5.0,0.295,0.334,0.428,0.762
Chris Davis,BAL,1B,160.0,573.0,100.0,150.0,31.0,0.0,47.0,117.0,2.0,3.0,84.0,208.0,0.0,5.0,8.0,0.262,0.361,0.562,0.923
Trevor Plouffe,MIN,3B,152.0,573.0,74.0,140.0,35.0,4.0,22.0,86.0,2.0,1.0,50.0,124.0,1.0,4.0,4.0,0.244,0.307,0.435,0.742
Adrian Gonzalez,LAD,1B,156.0,571.0,76.0,157.0,33.0,0.0,28.0,90.0,0.0,1.0,62.0,107.0,0.0,3.0,6.0,0.275,0.35,0.48,0.83
Brett Gardner,NYY,OF,151.0,571.0,94.0,148.0,26.0,3.0,16.0,66.0,20.0,5.0,68.0,135.0,8.0,3.0,6.0,0.259,0.343,0.399,0.742
Kendrys Morales,KC,DH,158.0,569.0,81.0,165.0,41.0,2.0,22.0,106.0,0.0,0.0,58.0,103.0,0.0,4.0,8.0,0.29,0.362,0.485,0.847
Paul Goldschmidt,ARI,1B,159.0,567.0,103.0,182.0,38.0,2.0,33.0,110.0,21.0,5.0,118.0,151.0,0.0,7.0,2.0,0.321,0.435,0.57,1.005
Adrian Beltre,TEX,3B,143.0,567.0,83.0,163.0,32.0,4.0,18.0,83.0,1.0,0.0,41.0,65.0,0.0,8.0,3.0,0.287,0.334,0.453,0.787
Evan Gattis,HOU,DH,153.0,566.0,66.0,139.0,20.0,11.0,27.0,88.0,0.0,1.0,30.0,119.0,0.0,5.0,3.0,0.246,0.285,0.463,0.748
Andrew McCutchen,PIT,OF,157.0,566.0,91.0,165.0,36.0,3.0,23.0,96.0,11.0,5.0,98.0,133.0,0.0,9.0,12.0,0.292,0.401,0.488,0.889
Jason Kipnis,CLE,2B,141.0,565.0,86.0,171.0,43.0,7.0,9.0,52.0,12.0,8.0,57.0,107.0,4.0,6.0,9.0,0.303,0.372,0.451,0.823
DJ LeMahieu,COL,2B,150.0,564.0,85.0,170.0,21.0,5.0,6.0,61.0,23.0,3.0,50.0,107.0,3.0,2.0,1.0,0.301,0.358,0.388,0.746
Brett Lawrie,OAK,2B,149.0,562.0,64.0,146.0,29.0,3.0,16.0,60.0,5.0,2.0,28.0,144.0,3.0,4.0,5.0,0.26,0.299,0.407,0.706
Jean Segura,MIL,SS,142.0,560.0,57.0,144.0,16.0,5.0,6.0,50.0,25.0,6.0,13.0,93.0,3.0,2.0,6.0,0.257,0.281,0.336,0.617
Freddy Galvis,PHI,SS,151.0,559.0,63.0,147.0,14.0,5.0,7.0,50.0,10.0,1.0,30.0,103.0,7.0,4.0,3.0,0.263,0.302,0.343,0.645
Kris Bryant,CHC,3B,151.0,559.0,87.0,154.0,31.0,5.0,26.0,99.0,13.0,4.0,77.0,199.0,0.0,5.0,9.0,0.275,0.369,0.488,0.857
Kolten Wong,STL,2B,150.0,557.0,71.0,146.0,28.0,4.0,11.0,61.0,15.0,8.0,36.0,95.0,0.0,5.0,15.0,0.262,0.321,0.386,0.707
Buster Posey,SF,C,150.0,557.0,74.0,177.0,28.0,0.0,19.0,95.0,2.0,0.0,56.0,52.0,0.0,7.0,3.0,0.318,0.379,0.47,0.849
Marcus Semien,OAK,SS,155.0,556.0,65.0,143.0,23.0,7.0,15.0,45.0,11.0,5.0,42.0,132.0,1.0,1.0,1.0,0.257,0.31,0.405,0.715
Shin-Soo Choo,TEX,OF,149.0,555.0,94.0,153.0,32.0,3.0,22.0,82.0,4.0,2.0,76.0,147.0,2.0,5.0,15.0,0.276,0.375,0.463,0.838
Carlos Gonzalez,COL,OF,153.0,554.0,87.0,150.0,25.0,2.0,40.0,97.0,2.0,0.0,46.0,133.0,1.0,6.0,1.0,0.271,0.325,0.54,0.865
Avisail Garcia,CWS,OF,148.0,553.0,66.0,142.0,17.0,2.0,13.0,59.0,7.0,7.0,36.0,141.0,0.0,4.0,8.0,0.257,0.309,0.365,0.674
Lorenzo Cain,KC,OF,140.0,551.0,101.0,169.0,34.0,6.0,16.0,72.0,28.0,6.0,37.0,98.0,0.0,4.0,12.0,0.307,0.361,0.477,0.838
Carlos Santana,CLE,1B,154.0,550.0,72.0,127.0,29.0,2.0,19.0,85.0,11.0,3.0,108.0,122.0,0.0,5.0,3.0,0.231,0.357,0.395,0.752
Nicholas Castellanos,DET,OF,154.0,549.0,42.0,140.0,33.0,6.0,15.0,73.0,0.0,3.0,39.0,152.0,0.0,6.0,1.0,0.255,0.303,0.419,0.722
Mike Moustakas,KC,3B,147.0,549.0,73.0,156.0,34.0,1.0,22.0,82.0,1.0,2.0,43.0,76.0,4.0,5.0,13.0,0.284,0.348,0.47,0.818
Starlin Castro,CHC,2B,151.0,547.0,52.0,145.0,23.0,2.0,11.0,69.0,5.0,5.0,21.0,91.0,1.0,4.0,5.0,0.265,0.296,0.375,0.671
Jason Heyward,STL,OF,154.0,547.0,79.0,160.0,33.0,4.0,13.0,60.0,23.0,3.0,56.0,90.0,0.0,3.0,2.0,0.293,0.359,0.439,0.798
Adam Jones,BAL,OF,137.0,546.0,74.0,147.0,25.0,3.0,27.0,82.0,3.0,1.0,24.0,102.0,0.0,3.0,8.0,0.269,0.308,0.474,0.782
Joey Votto,CIN,1B,158.0,545.0,95.0,171.0,33.0,2.0,29.0,80.0,11.0,3.0,143.0,135.0,0.0,2.0,5.0,0.314,0.459,0.541,1.0
Neil Walker,PIT,2B,151.0,543.0,69.0,146.0,32.0,3.0,16.0,71.0,4.0,1.0,44.0,110.0,0.0,8.0,8.0,0.269,0.328,0.427,0.755
Jose Bautista,TOR,3B,153.0,543.0,108.0,136.0,29.0,3.0,40.0,114.0,8.0,2.0,110.0,106.0,0.0,8.0,5.0,0.25,0.377,0.536,0.913
Justin Upton,SD,OF,150.0,542.0,85.0,136.0,26.0,3.0,26.0,81.0,19.0,5.0,68.0,159.0,0.0,5.0,4.0,0.251,0.336,0.454,0.79
Logan Forsythe,TB,2B,153.0,540.0,69.0,152.0,33.0,2.0,17.0,68.0,9.0,4.0,55.0,111.0,0.0,6.0,14.0,0.281,0.359,0.444,0.803
Billy Butler,OAK,1B,151.0,538.0,63.0,135.0,28.0,1.0,15.0,65.0,0.0,0.0,52.0,101.0,0.0,4.0,7.0,0.251,0.323,0.39,0.713
Yunel Escobar,WAS,3B,139.0,535.0,75.0,168.0,25.0,1.0,9.0,56.0,2.0,2.0,45.0,70.0,1.0,2.0,8.0,0.314,0.375,0.415,0.79
Andrelton Simmons,ATL,SS,147.0,535.0,60.0,142.0,23.0,2.0,4.0,44.0,5.0,3.0,39.0,48.0,1.0,2.0,6.0,0.265,0.321,0.338,0.659
Salvador Perez,KC,C,142.0,531.0,52.0,138.0,25.0,0.0,21.0,70.0,1.0,0.0,13.0,82.0,0.0,5.0,4.0,0.26,0.28,0.426,0.706
Michael Brantley,CLE,OF,137.0,529.0,68.0,164.0,45.0,0.0,15.0,84.0,15.0,1.0,60.0,51.0,0.0,5.0,2.0,0.31,0.379,0.48,0.859
Jace Peterson,ATL,3B,152.0,528.0,55.0,126.0,23.0,5.0,6.0,52.0,12.0,10.0,56.0,120.0,7.0,3.0,3.0,0.239,0.314,0.335,0.649
David Ortiz,BOS,DH,146.0,528.0,73.0,144.0,37.0,0.0,37.0,108.0,0.0,1.0,77.0,95.0,0.0,9.0,0.0,0.273,0.36,0.553,0.913
Edwin Encarnacion,TOR,1B,146.0,528.0,94.0,146.0,31.0,0.0,39.0,111.0,3.0,2.0,77.0,98.0,0.0,10.0,9.0,0.277,0.372,0.557,0.929
Yangervis Solarte,SD,2B,152.0,526.0,63.0,142.0,33.0,4.0,14.0,63.0,1.0,0.0,34.0,56.0,2.0,3.0,6.0,0.27,0.32,0.428,0.748
Josh Reddick,OAK,OF,149.0,526.0,67.0,143.0,25.0,4.0,20.0,77.0,10.0,2.0,49.0,65.0,1.0,2.0,0.0,0.272,0.333,0.449,0.782
Didi Gregorius,NYY,SS,155.0,525.0,57.0,139.0,24.0,2.0,9.0,56.0,5.0,3.0,33.0,85.0,3.0,6.0,11.0,0.265,0.318,0.37,0.688
Ender Inciarte,ARI,OF,132.0,524.0,73.0,159.0,27.0,5.0,6.0,45.0,21.0,10.0,26.0,58.0,2.0,5.0,4.0,0.303,0.338,0.408,0.746
Alex Rodriguez,NYY,DH,151.0,523.0,83.0,131.0,22.0,1.0,33.0,86.0,4.0,0.0,84.0,145.0,0.0,7.0,6.0,0.25,0.356,0.486,0.842
Torii Hunter,MIN,OF,139.0,521.0,67.0,125.0,22.0,0.0,22.0,81.0,2.0,5.0,35.0,105.0,0.0,5.0,6.0,0.24,0.293,0.409,0.702
Bryce Harper,WAS,OF,153.0,521.0,118.0,172.0,38.0,1.0,42.0,99.0,6.0,4.0,124.0,131.0,0.0,4.0,5.0,0.33,0.46,0.649,1.109
Billy Burns,OAK,OF,125.0,520.0,70.0,153.0,18.0,9.0,5.0,42.0,26.0,8.0,26.0,81.0,1.0,2.0,6.0,0.294,0.334,0.392,0.726
Jimmy Rollins,LAD,SS,144.0,517.0,71.0,116.0,24.0,3.0,13.0,41.0,12.0,8.0,44.0,86.0,1.0,1.0,0.0,0.224,0.285,0.358,0.643
Derek Norris,SD,C,147.0,515.0,65.0,129.0,33.0,2.0,14.0,62.0,4.0,1.0,35.0,131.0,0.0,1.0,6.0,0.25,0.305,0.404,0.709
Chris Owings,ARI,OF,147.0,515.0,59.0,117.0,27.0,5.0,4.0,43.0,16.0,4.0,26.0,144.0,7.0,3.0,1.0,0.227,0.264,0.322,0.586
Angel Pagan,SF,OF,133.0,512.0,55.0,134.0,21.0,3.0,3.0,37.0,12.0,4.0,32.0,93.0,0.0,6.0,1.0,0.262,0.303,0.332,0.635
Brandon Crawford,SF,SS,143.0,507.0,65.0,130.0,33.0,4.0,21.0,84.0,6.0,4.0,39.0,119.0,0.0,4.0,11.0,0.256,0.321,0.462,0.783
Ryan Braun,MIL,OF,140.0,506.0,87.0,144.0,27.0,3.0,25.0,84.0,24.0,4.0,54.0,115.0,0.0,3.0,4.0,0.285,0.356,0.498,0.854
Asdrubal Cabrera,TB,2B,143.0,505.0,66.0,134.0,28.0,5.0,15.0,58.0,6.0,3.0,36.0,107.0,1.0,6.0,3.0,0.265,0.315,0.43,0.745
Cameron Maybin,ATL,OF,141.0,505.0,65.0,135.0,18.0,2.0,10.0,59.0,23.0,6.0,45.0,102.0,1.0,3.0,1.0,0.267,0.327,0.37,0.697
Kevin Kiermaier,TB,OF,151.0,505.0,62.0,133.0,25.0,12.0,10.0,40.0,18.0,5.0,24.0,95.0,2.0,2.0,2.0,0.263,0.298,0.42,0.718
Adam Lind,MIL,1B,149.0,502.0,72.0,139.0,32.0,0.0,20.0,87.0,0.0,0.0,66.0,100.0,0.0,3.0,1.0,0.277,0.36,0.46,0.82
Martin Prado,MIA,3B,129.0,500.0,52.0,144.0,22.0,2.0,9.0,63.0,1.0,0.0,37.0,68.0,1.0,8.0,5.0,0.288,0.338,0.394,0.732
Daniel Murphy,NYM,2B,130.0,499.0,56.0,140.0,38.0,2.0,14.0,73.0,2.0,2.0,31.0,38.0,0.0,6.0,2.0,0.281,0.322,0.449,0.771
Odubel Herrera,PHI,OF,147.0,495.0,64.0,147.0,30.0,3.0,8.0,41.0,16.0,8.0,28.0,129.0,5.0,1.0,8.0,0.297,0.344,0.418,0.762
Brandon Belt,SF,1B,137.0,492.0,73.0,138.0,33.0,5.0,18.0,68.0,9.0,3.0,56.0,147.0,0.0,4.0,4.0,0.28,0.356,0.478,0.834
Yadier Molina,STL,C,136.0,488.0,34.0,132.0,23.0,2.0,4.0,61.0,3.0,1.0,32.0,59.0,1.0,9.0,0.0,0.27,0.31,0.35,0.66
Wilmer Flores,NYM,1B,137.0,483.0,55.0,127.0,22.0,0.0,16.0,59.0,0.0,1.0,19.0,63.0,2.0,2.0,4.0,0.263,0.295,0.408,0.703
Joc Pederson,LAD,OF,151.0,480.0,67.0,101.0,19.0,1.0,26.0,54.0,4.0,7.0,92.0,170.0,2.0,2.0,9.0,0.21,0.346,0.417,0.763
Carlos Beltran,NYY,OF,133.0,478.0,57.0,132.0,34.0,1.0,19.0,67.0,0.0,0.0,45.0,85.0,0.0,6.0,2.0,0.276,0.337,0.471,0.808
Christian Yelich,MIA,OF,126.0,476.0,63.0,143.0,30.0,2.0,7.0,44.0,16.0,5.0,47.0,101.0,0.0,0.0,2.0,0.3,0.366,0.416,0.782
Addison Russell,CHC,SS,142.0,475.0,60.0,115.0,29.0,1.0,13.0,54.0,4.0,3.0,42.0,149.0,1.0,2.0,3.0,0.242,0.307,0.389,0.696
Wilson Ramos,WAS,C,128.0,475.0,41.0,109.0,16.0,0.0,15.0,68.0,0.0,0.0,21.0,101.0,0.0,8.0,0.0,0.229,0.258,0.358,0.616
Michael Taylor,WAS,OF,138.0,472.0,49.0,108.0,15.0,2.0,14.0,63.0,16.0,3.0,35.0,158.0,1.0,2.0,1.0,0.229,0.282,0.358,0.64
Mitch Moreland,TEX,1B,132.0,471.0,51.0,131.0,27.0,0.0,23.0,85.0,1.0,0.0,32.0,112.0,0.0,5.0,7.0,0.278,0.33,0.482,0.812
Lucas Duda,NYM,1B,135.0,471.0,67.0,115.0,33.0,0.0,27.0,73.0,0.0,2.0,66.0,138.0,0.0,3.0,14.0,0.244,0.352,0.486,0.838
Adeiny Hechavarria,MIA,SS,130.0,470.0,54.0,132.0,17.0,6.0,5.0,48.0,7.0,2.0,23.0,78.0,0.0,4.0,2.0,0.281,0.315,0.374,0.689
Pablo Sandoval,BOS,3B,126.0,470.0,43.0,115.0,25.0,1.0,10.0,47.0,0.0,0.0,25.0,73.0,1.0,2.0,7.0,0.245,0.292,0.366,0.658
Ryan Howard,PHI,1B,129.0,467.0,53.0,107.0,29.0,1.0,23.0,77.0,0.0,0.0,27.0,138.0,0.0,3.0,5.0,0.229,0.277,0.443,0.72
Brian McCann,NYY,C,135.0,465.0,68.0,108.0,15.0,1.0,26.0,94.0,0.0,0.0,52.0,97.0,0.0,7.0,11.0,0.232,0.32,0.437,0.757
Howie Kendrick,LAD,2B,117.0,464.0,64.0,137.0,22.0,2.0,9.0,54.0,6.0,2.0,27.0,82.0,1.0,1.0,2.0,0.295,0.336,0.409,0.745
David Peralta,ARI,OF,149.0,462.0,61.0,144.0,26.0,10.0,17.0,78.0,9.0,4.0,44.0,107.0,0.0,7.0,4.0,0.312,0.371,0.522,0.893
Marcell Ozuna,MIA,OF,123.0,459.0,47.0,119.0,27.0,0.0,10.0,44.0,2.0,3.0,30.0,110.0,0.0,2.0,3.0,0.259,0.308,0.383,0.691
Logan Morrison,SEA,1B,146.0,457.0,47.0,103.0,15.0,3.0,17.0,54.0,8.0,4.0,47.0,81.0,1.0,2.0,4.0,0.225,0.302,0.383,0.685
Brock Holt,BOS,2B,129.0,454.0,56.0,127.0,27.0,6.0,2.0,45.0,8.0,1.0,46.0,97.0,4.0,2.0,3.0,0.28,0.349,0.379,0.728
Eddie Rosario,MIN,OF,122.0,453.0,60.0,121.0,18.0,15.0,13.0,50.0,11.0,6.0,15.0,118.0,3.0,3.0,0.0,0.267,0.289,0.459,0.748
Johnny Giavotella,LAA,2B,129.0,453.0,51.0,123.0,25.0,5.0,4.0,49.0,2.0,1.0,32.0,59.0,9.0,6.0,2.0,0.272,0.318,0.375,0.693
Jacoby Ellsbury,NYY,OF,111.0,452.0,66.0,116.0,15.0,2.0,7.0,33.0,21.0,9.0,35.0,86.0,1.0,3.0,7.0,0.257,0.318,0.345,0.663
Francisco Cervelli,PIT,C,130.0,451.0,56.0,133.0,17.0,5.0,7.0,43.0,1.0,1.0,46.0,94.0,4.0,1.0,8.0,0.295,0.37,0.401,0.771
Stephen Vogt,OAK,C,136.0,445.0,58.0,116.0,21.0,3.0,18.0,71.0,0.0,2.0,56.0,97.0,0.0,8.0,2.0,0.261,0.341,0.443,0.784
J.T. Realmuto,MIA,C,126.0,441.0,49.0,114.0,21.0,7.0,10.0,47.0,8.0,4.0,19.0,70.0,1.0,4.0,2.0,0.259,0.29,0.406,0.696
Juan Lagares,NYM,OF,143.0,441.0,47.0,114.0,16.0,5.0,6.0,41.0,7.0,3.0,16.0,87.0,1.0,3.0,4.0,0.259,0.289,0.358,0.647
Mark Canha,OAK,OF,124.0,441.0,61.0,112.0,22.0,3.0,16.0,70.0,7.0,2.0,33.0,96.0,0.0,3.0,8.0,0.254,0.315,0.426,0.741
Russell Martin,TOR,C,129.0,441.0,76.0,106.0,23.0,2.0,23.0,77.0,4.0,5.0,53.0,106.0,0.0,5.0,8.0,0.24,0.329,0.458,0.787
Chris Coghlan,CHC,3B,148.0,440.0,64.0,110.0,25.0,6.0,16.0,41.0,11.0,2.0,58.0,94.0,1.0,1.0,3.0,0.25,0.341,0.443,0.784
Victor Martinez,DET,DH,120.0,440.0,39.0,108.0,20.0,0.0,11.0,64.0,0.0,0.0,31.0,52.0,0.0,7.0,7.0,0.245,0.301,0.366,0.667
Omar Infante,KC,2B,124.0,440.0,39.0,97.0,23.0,7.0,2.0,44.0,2.0,2.0,9.0,69.0,2.0,4.0,0.0,0.22,0.234,0.318,0.552
Brad Miller,SEA,2B,144.0,438.0,44.0,113.0,22.0,4.0,11.0,46.0,13.0,4.0,47.0,101.0,4.0,6.0,2.0,0.258,0.329,0.402,0.731
Pedro Alvarez,PIT,DH,150.0,437.0,60.0,106.0,18.0,0.0,27.0,77.0,2.0,0.0,48.0,131.0,0.0,4.0,2.0,0.243,0.318,0.469,0.787
Luis Valbuena,HOU,3B,132.0,434.0,62.0,97.0,18.0,0.0,25.0,56.0,1.0,0.0,50.0,106.0,0.0,3.0,6.0,0.224,0.31,0.438,0.748
Kurt Suzuki,MIN,C,131.0,433.0,36.0,104.0,17.0,0.0,5.0,50.0,0.0,0.0,29.0,59.0,6.0,4.0,7.0,0.24,0.296,0.314,0.61
Colby Rasmus,HOU,OF,137.0,432.0,67.0,103.0,23.0,2.0,25.0,61.0,2.0,1.0,47.0,154.0,1.0,3.0,2.0,0.238,0.314,0.475,0.789
Adam LaRoche,CWS,1B,127.0,429.0,41.0,89.0,21.0,0.0,12.0,44.0,0.0,0.0,49.0,133.0,0.0,2.0,4.0,0.207,0.293,0.34,0.633
Miguel Cabrera,DET,1B,119.0,429.0,64.0,145.0,28.0,1.0,18.0,76.0,1.0,1.0,77.0,82.0,0.0,2.0,3.0,0.338,0.44,0.534,0.974
Rougned Odor,TEX,2B,120.0,426.0,54.0,111.0,21.0,9.0,16.0,61.0,6.0,7.0,23.0,79.0,2.0,5.0,14.0,0.261,0.316,0.465,0.781
Delino DeShields Jr.,TEX,OF,121.0,425.0,83.0,111.0,22.0,10.0,2.0,37.0,25.0,8.0,53.0,101.0,7.0,4.0,3.0,0.261,0.344,0.374,0.718
Cody Asche,PHI,DH,129.0,425.0,41.0,104.0,22.0,3.0,12.0,39.0,1.0,2.0,26.0,111.0,0.0,1.0,4.0,0.245,0.294,0.395,0.689
David Freese,LAA,3B,121.0,424.0,53.0,109.0,27.0,0.0,14.0,56.0,1.0,1.0,31.0,107.0,0.0,3.0,12.0,0.257,0.323,0.42,0.743
Nick Ahmed,ARI,SS,134.0,421.0,49.0,95.0,17.0,6.0,9.0,34.0,4.0,5.0,29.0,81.0,5.0,3.0,1.0,0.226,0.275,0.359,0.634
Jedd Gyorko,SD,3B,128.0,421.0,34.0,104.0,15.0,0.0,16.0,57.0,0.0,1.0,27.0,107.0,0.0,5.0,5.0,0.247,0.297,0.397,0.694
Jung Ho Kang,PIT,3B,126.0,421.0,60.0,121.0,24.0,2.0,15.0,58.0,5.0,4.0,28.0,99.0,0.0,1.0,17.0,0.287,0.355,0.461,0.816
Austin Jackson,SEA,OF,107.0,419.0,46.0,114.0,18.0,3.0,8.0,38.0,15.0,9.0,24.0,107.0,3.0,1.0,1.0,0.272,0.312,0.387,0.699
Josh Harrison,PIT,2B,114.0,418.0,57.0,120.0,29.0,1.0,4.0,28.0,10.0,8.0,19.0,71.0,3.0,2.0,7.0,0.287,0.327,0.39,0.717
Jose Iglesias,DET,SS,120.0,416.0,44.0,125.0,17.0,3.0,2.0,23.0,11.0,8.0,25.0,44.0,4.0,3.0,6.0,0.3,0.347,0.37,0.717
Freddie Freeman,ATL,1B,118.0,416.0,62.0,115.0,27.0,0.0,18.0,66.0,3.0,1.0,56.0,98.0,0.0,2.0,7.0,0.276,0.37,0.471,0.841
Billy Hamilton,CIN,OF,114.0,412.0,56.0,93.0,8.0,3.0,4.0,28.0,57.0,8.0,28.0,75.0,9.0,4.0,1.0,0.226,0.274,0.289,0.563
J.J. Hardy,BAL,SS,114.0,411.0,45.0,90.0,14.0,0.0,8.0,37.0,0.0,0.0,20.0,88.0,2.0,4.0,0.0,0.219,0.253,0.311,0.564
Justin Bour,MIA,1B,129.0,409.0,42.0,107.0,20.0,0.0,23.0,73.0,0.0,0.0,34.0,101.0,0.0,1.0,2.0,0.262,0.321,0.479,0.8
Eduardo Escobar,MIN,SS,127.0,409.0,48.0,107.0,31.0,4.0,12.0,58.0,2.0,3.0,28.0,86.0,2.0,5.0,2.0,0.262,0.309,0.445,0.754
A.J. Pierzynski,ATL,C,113.0,407.0,38.0,122.0,24.0,1.0,9.0,49.0,0.0,2.0,19.0,37.0,0.0,3.0,7.0,0.3,0.339,0.43,0.769
Yasmany Tomas,ARI,OF,118.0,406.0,40.0,111.0,19.0,3.0,9.0,48.0,5.0,2.0,17.0,110.0,0.0,1.0,2.0,0.273,0.305,0.401,0.706
Cesar Hernandez,PHI,2B,127.0,405.0,57.0,110.0,20.0,4.0,1.0,35.0,19.0,5.0,40.0,86.0,4.0,1.0,2.0,0.272,0.339,0.348,0.687
Yoenis Cespedes,DET,OF,102.0,403.0,62.0,118.0,28.0,2.0,18.0,61.0,3.0,4.0,19.0,87.0,0.0,4.0,1.0,0.293,0.323,0.506,0.829
James McCann,DET,C,114.0,401.0,32.0,106.0,18.0,5.0,7.0,41.0,0.0,1.0,16.0,90.0,4.0,1.0,3.0,0.264,0.297,0.387,0.684
Hanley Ramirez,BOS,1B,105.0,401.0,59.0,100.0,12.0,1.0,19.0,53.0,6.0,3.0,21.0,71.0,0.0,4.0,4.0,0.249,0.291,0.426,0.717
Ichiro Suzuki,MIA,OF,153.0,398.0,45.0,91.0,5.0,6.0,1.0,21.0,11.0,5.0,31.0,51.0,5.0,4.0,0.0,0.229,0.282,0.279,0.561
Seth Smith,SEA,OF,136.0,395.0,54.0,98.0,31.0,5.0,12.0,42.0,0.0,0.0,47.0,99.0,1.0,5.0,4.0,0.248,0.33,0.443,0.773
Andre Ethier,LAD,OF,142.0,395.0,54.0,116.0,20.0,7.0,14.0,53.0,2.0,3.0,43.0,75.0,0.0,3.0,4.0,0.294,0.366,0.486,0.852
Jordy Mercer,PIT,SS,116.0,394.0,34.0,96.0,21.0,0.0,3.0,34.0,3.0,2.0,27.0,73.0,4.0,3.0,2.0,0.244,0.293,0.32,0.613
Mark Teixeira,NYY,1B,111.0,392.0,57.0,100.0,22.0,0.0,31.0,79.0,2.0,0.0,59.0,85.0,0.0,5.0,6.0,0.255,0.357,0.548,0.905
Khris Davis,MIL,DH,121.0,392.0,54.0,97.0,16.0,2.0,27.0,66.0,6.0,2.0,44.0,122.0,0.0,3.0,1.0,0.247,0.323,0.505,0.828
Chris Carter,HOU,1B,129.0,391.0,50.0,78.0,17.0,0.0,24.0,64.0,1.0,2.0,57.0,151.0,0.0,5.0,6.0,0.199,0.307,0.427,0.734
Francisco Lindor,CLE,SS,99.0,390.0,50.0,122.0,22.0,4.0,12.0,51.0,12.0,2.0,27.0,69.0,13.0,7.0,1.0,0.313,0.353,0.482,0.835
Yolmer Sanchez,CWS,3B,120.0,389.0,40.0,87.0,23.0,1.0,5.0,31.0,2.0,2.0,19.0,81.0,6.0,1.0,5.0,0.224,0.268,0.326,0.594
George Springer,HOU,OF,102.0,388.0,59.0,107.0,19.0,2.0,16.0,41.0,16.0,4.0,50.0,109.0,2.0,3.0,8.0,0.276,0.367,0.459,0.826
Carlos Correa,HOU,SS,99.0,387.0,52.0,108.0,22.0,1.0,22.0,68.0,14.0,4.0,40.0,78.0,0.0,4.0,1.0,0.279,0.345,0.512,0.857
Justin Turner,LAD,3B,126.0,385.0,55.0,113.0,26.0,1.0,16.0,60.0,5.0,2.0,36.0,71.0,1.0,4.0,13.0,0.294,0.37,0.491,0.861
Alex Rios,KC,OF,105.0,385.0,40.0,98.0,22.0,2.0,4.0,32.0,9.0,0.0,15.0,67.0,0.0,6.0,5.0,0.255,0.287,0.353,0.64
Stephen Drew,NYY,SS,131.0,383.0,43.0,77.0,16.0,1.0,17.0,44.0,0.0,2.0,37.0,71.0,4.0,3.0,1.0,0.201,0.271,0.381,0.652
Mark Reynolds,STL,1B,140.0,382.0,35.0,88.0,21.0,2.0,13.0,48.0,2.0,3.0,44.0,121.0,0.0,2.0,4.0,0.23,0.315,0.398,0.713
Joe Panik,SF,2B,100.0,382.0,59.0,119.0,27.0,2.0,8.0,37.0,3.0,2.0,38.0,42.0,3.0,4.0,5.0,0.312,0.378,0.455,0.833
Dustin Pedroia,BOS,2B,93.0,381.0,46.0,111.0,19.0,1.0,12.0,42.0,2.0,2.0,38.0,51.0,1.0,3.0,2.0,0.291,0.356,0.441,0.797
Michael Cuddyer,NYM,OF,117.0,379.0,44.0,98.0,18.0,1.0,10.0,41.0,2.0,0.0,24.0,88.0,0.0,1.0,4.0,0.259,0.309,0.391,0.7
C.J. Cron,LAA,1B,113.0,378.0,37.0,99.0,17.0,1.0,16.0,51.0,3.0,1.0,17.0,82.0,0.0,3.0,5.0,0.262,0.3,0.439,0.739
Ryan Goins,TOR,2B,128.0,376.0,52.0,94.0,16.0,4.0,5.0,45.0,2.0,1.0,39.0,83.0,7.0,5.0,1.0,0.25,0.318,0.354,0.672
Scooter Gennett,MIL,2B,114.0,375.0,42.0,99.0,18.0,4.0,6.0,29.0,1.0,3.0,12.0,68.0,0.0,0.0,4.0,0.264,0.294,0.381,0.675
Steven Souza,TB,OF,110.0,373.0,59.0,84.0,15.0,1.0,16.0,40.0,12.0,6.0,46.0,144.0,1.0,1.0,5.0,0.225,0.318,0.399,0.717
Eugenio Suarez,CIN,3B,97.0,372.0,42.0,104.0,19.0,2.0,13.0,48.0,4.0,1.0,17.0,94.0,4.0,2.0,3.0,0.28,0.315,0.446,0.761
Eric Sogard,OAK,2B,120.0,372.0,40.0,92.0,12.0,3.0,1.0,37.0,6.0,1.0,23.0,50.0,3.0,1.0,2.0,0.247,0.294,0.304,0.598
Jonathan Lucroy,MIL,C,103.0,371.0,51.0,98.0,20.0,3.0,7.0,43.0,1.0,0.0,36.0,64.0,1.0,6.0,1.0,0.264,0.326,0.391,0.717
Danny Espinosa,WAS,2B,118.0,367.0,59.0,88.0,21.0,1.0,13.0,37.0,5.0,2.0,33.0,106.0,3.0,3.0,6.0,0.24,0.311,0.409,0.72
Ben Revere,PHI,OF,96.0,366.0,49.0,109.0,13.0,6.0,1.0,26.0,24.0,5.0,19.0,36.0,2.0,0.0,1.0,0.298,0.334,0.374,0.708
Nick Hundley,COL,C,103.0,366.0,45.0,110.0,21.0,5.0,10.0,43.0,5.0,6.0,21.0,76.0,0.0,1.0,1.0,0.301,0.339,0.467,0.806
Jorge Soler,CHC,OF,101.0,366.0,39.0,96.0,18.0,1.0,10.0,47.0,3.0,1.0,32.0,121.0,0.0,3.0,3.0,0.262,0.324,0.399,0.723
Jimmy Paredes,BAL,OF,104.0,363.0,46.0,100.0,17.0,2.0,10.0,42.0,4.0,4.0,19.0,111.0,0.0,2.0,0.0,0.275,0.31,0.416,0.726
Yan Gomes,CLE,C,95.0,363.0,38.0,84.0,22.0,0.0,12.0,45.0,0.0,0.0,13.0,104.0,0.0,6.0,7.0,0.231,0.267,0.391,0.658
James Loney,TB,1B,104.0,361.0,25.0,101.0,16.0,0.0,4.0,32.0,2.0,4.0,23.0,34.0,0.0,3.0,1.0,0.28,0.322,0.357,0.679
Ruben Tejada,NYM,SS,116.0,360.0,36.0,94.0,23.0,0.0,3.0,28.0,2.0,1.0,38.0,70.0,2.0,2.0,5.0,0.261,0.338,0.35,0.688
Marlon Byrd,CIN,OF,96.0,359.0,46.0,85.0,13.0,3.0,19.0,42.0,2.0,1.0,23.0,101.0,0.0,3.0,3.0,0.237,0.286,0.448,0.734
Yasmani Grandal,LAD,C,115.0,355.0,43.0,83.0,12.0,0.0,16.0,47.0,0.0,1.0,65.0,92.0,1.0,3.0,2.0,0.234,0.353,0.403,0.756
Norichika Aoki,SF,OF,93.0,355.0,42.0,102.0,12.0,3.0,5.0,26.0,14.0,5.0,30.0,25.0,1.0,0.0,6.0,0.287,0.353,0.38,0.733
Alex Gordon,KC,OF,104.0,354.0,40.0,96.0,18.0,0.0,13.0,48.0,2.0,5.0,49.0,92.0,0.0,5.0,14.0,0.271,0.377,0.432,0.809
Yonder Alonso,SD,1B,103.0,354.0,50.0,100.0,18.0,1.0,5.0,31.0,2.0,5.0,42.0,48.0,0.0,3.0,3.0,0.282,0.361,0.381,0.742
Aaron Hicks,MIN,OF,97.0,352.0,48.0,90.0,11.0,3.0,11.0,33.0,13.0,3.0,34.0,66.0,0.0,2.0,2.0,0.256,0.323,0.398,0.721
Mike Zunino,SEA,C,112.0,350.0,28.0,61.0,11.0,0.0,11.0,28.0,0.0,1.0,21.0,132.0,8.0,2.0,5.0,0.174,0.23,0.3,0.53
Jake Lamb,ARI,3B,107.0,350.0,38.0,92.0,15.0,5.0,6.0,34.0,3.0,2.0,36.0,97.0,0.0,3.0,1.0,0.263,0.331,0.386,0.717
Miguel Montero,CHC,C,113.0,347.0,36.0,86.0,11.0,0.0,15.0,53.0,1.0,1.0,49.0,103.0,0.0,3.0,4.0,0.248,0.345,0.409,0.754
Ryan Zimmerman,WAS,1B,95.0,346.0,43.0,86.0,25.0,1.0,16.0,73.0,1.0,0.0,33.0,79.0,0.0,10.0,1.0,0.249,0.308,0.465,0.773
Marwin Gonzalez,HOU,SS,120.0,344.0,44.0,96.0,18.0,1.0,12.0,34.0,4.0,5.0,16.0,74.0,7.0,0.0,3.0,0.279,0.317,0.442,0.759
Rajai Davis,DET,OF,112.0,341.0,55.0,88.0,16.0,11.0,8.0,30.0,18.0,8.0,22.0,76.0,1.0,3.0,3.0,0.258,0.306,0.44,0.746
Jake Marisnick,HOU,OF,133.0,339.0,46.0,80.0,15.0,4.0,9.0,36.0,24.0,9.0,18.0,105.0,6.0,4.0,5.0,0.236,0.281,0.383,0.664
Jason Castro,HOU,C,104.0,337.0,38.0,71.0,19.0,0.0,11.0,31.0,0.0,0.0,33.0,115.0,0.0,3.0,2.0,0.211,0.283,0.365,0.648
Brandon Moss,CLE,DH,94.0,337.0,36.0,73.0,17.0,1.0,15.0,50.0,0.0,0.0,32.0,106.0,0.0,3.0,3.0,0.217,0.288,0.407,0.695
Mark Trumbo,SEA,DH,96.0,334.0,39.0,88.0,13.0,0.0,13.0,41.0,0.0,0.0,26.0,93.0,0.0,1.0,0.0,0.263,0.316,0.419,0.735
Brayan Pena,CIN,C,108.0,333.0,17.0,91.0,17.0,0.0,0.0,18.0,2.0,0.0,29.0,34.0,2.0,1.0,2.0,0.273,0.334,0.324,0.658
Chris Colabello,TOR,1B,101.0,333.0,55.0,107.0,19.0,1.0,15.0,54.0,2.0,0.0,22.0,96.0,0.0,2.0,3.0,0.321,0.367,0.52,0.887
Lonnie Chisenhall,CLE,OF,106.0,333.0,38.0,82.0,19.0,1.0,7.0,44.0,4.0,1.0,23.0,69.0,2.0,3.0,1.0,0.246,0.294,0.372,0.666
Brandon Guyer,TB,OF,128.0,332.0,51.0,88.0,21.0,2.0,8.0,28.0,10.0,4.0,25.0,61.0,3.0,1.0,24.0,0.265,0.359,0.413,0.772
Jayson Werth,WAS,OF,88.0,331.0,51.0,73.0,16.0,1.0,12.0,42.0,0.0,1.0,38.0,84.0,0.0,6.0,3.0,0.221,0.302,0.384,0.686
Tyler Flowers,CWS,C,112.0,331.0,21.0,79.0,12.0,0.0,9.0,39.0,0.0,1.0,21.0,104.0,2.0,1.0,6.0,0.239,0.295,0.356,0.651
Mike Napoli,BOS,1B,98.0,329.0,37.0,68.0,18.0,1.0,13.0,40.0,3.0,1.0,45.0,99.0,0.0,1.0,3.0,0.207,0.307,0.386,0.693
Gregor Blanco,SF,OF,115.0,327.0,59.0,95.0,19.0,3.0,5.0,26.0,13.0,5.0,40.0,59.0,0.0,3.0,2.0,0.291,0.368,0.413,0.781
Jeff Francoeur,PHI,OF,119.0,326.0,34.0,84.0,16.0,1.0,13.0,45.0,0.0,2.0,13.0,77.0,0.0,3.0,1.0,0.258,0.286,0.433,0.719
Ben Paulsen,COL,1B,116.0,325.0,42.0,90.0,19.0,4.0,11.0,49.0,1.0,2.0,23.0,92.0,1.0,3.0,2.0,0.277,0.326,0.462,0.788
Alexi Amarista,SD,2B,118.0,324.0,28.0,66.0,10.0,4.0,3.0,30.0,5.0,1.0,24.0,55.0,3.0,5.0,1.0,0.204,0.257,0.287,0.544
Randal Grichuk,STL,OF,103.0,323.0,49.0,89.0,23.0,7.0,17.0,47.0,4.0,2.0,22.0,110.0,0.0,1.0,4.0,0.276,0.329,0.548,0.877
Gerardo Parra,MIL,OF,100.0,323.0,53.0,106.0,24.0,5.0,9.0,31.0,9.0,3.0,20.0,57.0,1.0,4.0,3.0,0.328,0.369,0.517,0.886
Troy Tulowitzki,COL,SS,87.0,323.0,46.0,97.0,19.0,0.0,12.0,53.0,0.0,0.0,24.0,72.0,0.0,3.0,1.0,0.3,0.348,0.471,0.819
Caleb Joseph,BAL,C,100.0,320.0,38.0,75.0,16.0,1.0,11.0,49.0,0.0,0.0,27.0,72.0,3.0,1.0,3.0,0.234,0.299,0.394,0.693
Chris Young,NYY,OF,140.0,318.0,53.0,80.0,20.0,1.0,14.0,42.0,3.0,1.0,30.0,73.0,3.0,2.0,3.0,0.252,0.32,0.453,0.773
Jose Ramirez,CLE,3B,97.0,315.0,50.0,69.0,14.0,3.0,6.0,27.0,10.0,4.0,32.0,39.0,5.0,2.0,1.0,0.219,0.291,0.34,0.631
Aaron Hill,ARI,2B,116.0,313.0,32.0,72.0,18.0,0.0,6.0,39.0,7.0,2.0,31.0,54.0,0.0,8.0,1.0,0.23,0.295,0.345,0.64
Anthony Rendon,WAS,3B,80.0,311.0,43.0,82.0,16.0,0.0,5.0,25.0,1.0,2.0,36.0,70.0,0.0,4.0,4.0,0.264,0.344,0.363,0.707
Clint Robinson,WAS,1B,126.0,309.0,44.0,84.0,15.0,1.0,10.0,34.0,0.0,0.0,37.0,52.0,0.0,1.0,5.0,0.272,0.358,0.424,0.782
Jonathan Schoop,BAL,2B,86.0,305.0,34.0,85.0,17.0,0.0,15.0,39.0,2.0,0.0,9.0,79.0,1.0,2.0,4.0,0.279,0.306,0.482,0.788
Maikel Franco,PHI,3B,80.0,304.0,45.0,85.0,22.0,1.0,14.0,50.0,1.0,0.0,26.0,52.0,0.0,1.0,4.0,0.28,0.343,0.497,0.84
Cory Spangenberg,SD,2B,108.0,303.0,38.0,82.0,17.0,5.0,4.0,21.0,9.0,4.0,28.0,75.0,8.0,3.0,2.0,0.271,0.333,0.399,0.732
Preston Tucker,HOU,OF,98.0,300.0,35.0,73.0,19.0,0.0,13.0,33.0,0.0,2.0,20.0,68.0,0.0,0.0,3.0,0.243,0.297,0.437,0.734
Rene Rivera,TB,C,110.0,298.0,16.0,53.0,14.0,0.0,5.0,26.0,0.0,0.0,11.0,86.0,5.0,2.0,3.0,0.178,0.213,0.275,0.488
Justin Smoak,TOR,1B,132.0,296.0,44.0,67.0,16.0,1.0,18.0,59.0,0.0,0.0,29.0,86.0,0.0,1.0,2.0,0.226,0.299,0.47,0.769
Steve Pearce,BAL,1B,92.0,294.0,42.0,64.0,13.0,1.0,15.0,40.0,1.0,1.0,23.0,69.0,0.0,1.0,7.0,0.218,0.289,0.422,0.711
Mike Aviles,CLE,SS,98.0,290.0,37.0,67.0,10.0,0.0,5.0,17.0,3.0,1.0,20.0,38.0,5.0,1.0,1.0,0.231,0.282,0.317,0.599
Sam Fuld,OAK,OF,120.0,290.0,34.0,57.0,16.0,3.0,2.0,22.0,9.0,3.0,30.0,55.0,2.0,1.0,2.0,0.197,0.276,0.293,0.569
Michael Bourn,CLE,OF,95.0,289.0,29.0,71.0,12.0,1.0,0.0,19.0,13.0,5.0,29.0,76.0,7.0,1.0,0.0,0.246,0.313,0.294,0.607
Jose Reyes,TOR,SS,69.0,288.0,36.0,82.0,17.0,0.0,4.0,34.0,16.0,2.0,17.0,38.0,4.0,2.0,0.0,0.285,0.322,0.385,0.707
Blake Swihart,BOS,C,84.0,288.0,47.0,79.0,17.0,1.0,5.0,31.0,4.0,2.0,18.0,77.0,2.0,0.0,1.0,0.274,0.319,0.392,0.711
Leonys Martin,TEX,OF,95.0,288.0,26.0,63.0,12.0,0.0,5.0,25.0,14.0,5.0,16.0,69.0,3.0,1.0,2.0,0.219,0.264,0.313,0.577
Carlos Gomez,MIL,OF,74.0,286.0,42.0,75.0,20.0,1.0,8.0,43.0,7.0,6.0,23.0,70.0,0.0,0.0,5.0,0.262,0.328,0.423,0.751
Carlos Ruiz,PHI,C,86.0,284.0,23.0,60.0,13.0,1.0,2.0,22.0,1.0,1.0,28.0,43.0,3.0,1.0,4.0,0.211,0.29,0.285,0.575
Will Venable,SD,OF,98.0,283.0,34.0,73.0,10.0,3.0,6.0,30.0,11.0,1.0,25.0,73.0,0.0,0.0,0.0,0.258,0.318,0.378,0.696
Yasiel Puig,LAD,OF,79.0,282.0,30.0,72.0,12.0,3.0,11.0,38.0,3.0,3.0,26.0,66.0,0.0,1.0,2.0,0.255,0.322,0.436,0.758
Miguel Sano,MIN,3B,80.0,279.0,46.0,75.0,17.0,1.0,18.0,52.0,1.0,1.0,53.0,119.0,0.0,2.0,1.0,0.269,0.385,0.53,0.915
Giancarlo Stanton,MIA,OF,74.0,279.0,47.0,74.0,12.0,1.0,27.0,67.0,4.0,2.0,34.0,95.0,0.0,3.0,2.0,0.265,0.346,0.606,0.952
Aramis Ramirez,MIL,3B,81.0,279.0,25.0,69.0,18.0,0.0,11.0,42.0,1.0,0.0,16.0,42.0,0.0,3.0,4.0,0.247,0.295,0.43,0.725
Welington Castillo,ARI,C,80.0,274.0,34.0,70.0,13.0,1.0,17.0,50.0,0.0,0.0,21.0,75.0,0.0,3.0,5.0,0.255,0.317,0.496,0.813
Rusney Castillo,BOS,OF,80.0,273.0,35.0,69.0,10.0,2.0,5.0,29.0,4.0,5.0,13.0,54.0,1.0,1.0,1.0,0.253,0.288,0.359,0.647
Chris Iannetta,LAA,C,92.0,272.0,28.0,51.0,10.0,0.0,10.0,34.0,0.0,1.0,41.0,83.0,0.0,3.0,1.0,0.188,0.293,0.335,0.628
Cameron Rupp,PHI,C,81.0,270.0,24.0,63.0,9.0,1.0,9.0,28.0,0.0,1.0,24.0,71.0,0.0,2.0,3.0,0.233,0.301,0.374,0.675
Darin Ruf,PHI,1B,106.0,268.0,30.0,63.0,12.0,0.0,12.0,39.0,1.0,0.0,21.0,69.0,0.0,3.0,5.0,0.235,0.3,0.414,0.714
Ryan Flaherty,BAL,3B,91.0,267.0,34.0,54.0,8.0,3.0,9.0,31.0,0.0,0.0,26.0,81.0,2.0,2.0,4.0,0.202,0.281,0.356,0.637
Gio Urshela,CLE,3B,81.0,267.0,25.0,60.0,8.0,1.0,6.0,21.0,0.0,1.0,18.0,58.0,1.0,0.0,2.0,0.225,0.279,0.33,0.609
Danny Santana,MIN,OF,91.0,261.0,30.0,56.0,10.0,5.0,0.0,21.0,8.0,4.0,6.0,68.0,7.0,0.0,3.0,0.215,0.241,0.291,0.532
Carlos Perez,LAA,C,86.0,260.0,20.0,65.0,13.0,0.0,4.0,21.0,2.0,0.0,19.0,49.0,2.0,2.0,0.0,0.25,0.299,0.346,0.645
Matt Wieters,BAL,C,75.0,258.0,24.0,69.0,14.0,1.0,8.0,25.0,0.0,0.0,21.0,67.0,0.0,3.0,0.0,0.267,0.319,0.422,0.741
Joey Butler,TB,OF,88.0,257.0,30.0,71.0,12.0,0.0,8.0,30.0,5.0,2.0,16.0,82.0,0.0,0.0,3.0,0.276,0.326,0.416,0.742
Elian Herrera,MIL,3B,83.0,256.0,29.0,62.0,18.0,0.0,7.0,33.0,3.0,1.0,18.0,72.0,1.0,2.0,0.0,0.242,0.29,0.395,0.685
Will Middlebrooks,SD,3B,83.0,255.0,23.0,54.0,7.0,2.0,9.0,29.0,2.0,1.0,11.0,60.0,0.0,4.0,0.0,0.212,0.241,0.361,0.602
Brandon Barnes,COL,OF,106.0,255.0,30.0,64.0,13.0,2.0,2.0,17.0,4.0,2.0,21.0,67.0,1.0,1.0,3.0,0.251,0.314,0.341,0.655
Derek Dietrich,MIA,1B,90.0,250.0,38.0,64.0,14.0,3.0,10.0,24.0,0.0,2.0,23.0,65.0,0.0,3.0,13.0,0.256,0.346,0.456,0.802
Justin Maxwell,SF,OF,100.0,249.0,26.0,52.0,8.0,2.0,7.0,26.0,2.0,1.0,20.0,76.0,1.0,1.0,3.0,0.209,0.275,0.341,0.616
Chase Utley,PHI,2B,73.0,249.0,23.0,54.0,12.0,1.0,5.0,30.0,3.0,0.0,22.0,35.0,0.0,7.0,4.0,0.217,0.284,0.333,0.617
Matt Joyce,LAA,OF,93.0,247.0,17.0,43.0,12.0,1.0,5.0,21.0,0.0,3.0,30.0,67.0,1.0,2.0,4.0,0.174,0.272,0.291,0.563
Denard Span,WAS,OF,61.0,246.0,38.0,74.0,17.0,0.0,5.0,22.0,11.0,0.0,25.0,26.0,1.0,2.0,1.0,0.301,0.365,0.431,0.796
Skip Schumaker,CIN,OF,131.0,244.0,23.0,59.0,20.0,0.0,1.0,21.0,2.0,2.0,23.0,51.0,0.0,1.0,0.0,0.242,0.306,0.336,0.642
Tucker Barnhart,CIN,C,81.0,242.0,23.0,61.0,9.0,0.0,3.0,18.0,0.0,1.0,25.0,45.0,2.0,3.0,2.0,0.252,0.324,0.326,0.65
Paulo Orlando,KC,OF,86.0,241.0,31.0,60.0,14.0,6.0,7.0,27.0,3.0,3.0,5.0,53.0,2.0,1.0,2.0,0.249,0.269,0.444,0.713
Travis d'Arnaud,NYM,C,67.0,239.0,31.0,64.0,14.0,1.0,12.0,41.0,0.0,0.0,23.0,49.0,0.0,2.0,4.0,0.268,0.34,0.485,0.825
Tyler Saladino,CWS,SS,68.0,236.0,33.0,53.0,6.0,4.0,4.0,20.0,8.0,2.0,12.0,51.0,3.0,1.0,2.0,0.225,0.267,0.335,0.602
Ben Zobrist,OAK,2B,67.0,235.0,39.0,63.0,20.0,2.0,6.0,33.0,1.0,1.0,33.0,26.0,0.0,3.0,0.0,0.268,0.354,0.447,0.801
Robinson Chirinos,TEX,C,78.0,233.0,33.0,54.0,16.0,1.0,10.0,34.0,0.0,0.0,28.0,62.0,5.0,2.0,5.0,0.232,0.325,0.438,0.763
Andres Blanco,PHI,3B,106.0,233.0,32.0,68.0,22.0,3.0,7.0,25.0,1.0,1.0,21.0,44.0,3.0,0.0,4.0,0.292,0.36,0.502,0.862
Stephen Piscotty,STL,OF,63.0,233.0,29.0,71.0,15.0,4.0,7.0,39.0,2.0,1.0,20.0,56.0,0.0,2.0,1.0,0.305,0.359,0.494,0.853
Kevin Plawecki,NYM,C,73.0,233.0,18.0,51.0,9.0,0.0,3.0,21.0,0.0,0.0,17.0,60.0,1.0,3.0,4.0,0.219,0.28,0.296,0.576
Ben Zobrist,KC,2B,59.0,232.0,37.0,66.0,16.0,1.0,7.0,23.0,2.0,3.0,29.0,30.0,0.0,2.0,1.0,0.284,0.364,0.453,0.817
Kyle Schwarber,CHC,OF,69.0,232.0,52.0,57.0,6.0,1.0,16.0,43.0,3.0,3.0,36.0,77.0,0.0,1.0,4.0,0.246,0.355,0.487,0.842
David DeJesus,TB,OF,82.0,232.0,24.0,60.0,8.0,2.0,5.0,26.0,3.0,2.0,19.0,39.0,0.0,2.0,4.0,0.259,0.323,0.375,0.698
Wilin Rosario,COL,1B,87.0,231.0,22.0,62.0,14.0,1.0,6.0,29.0,2.0,1.0,8.0,56.0,1.0,1.0,1.0,0.268,0.295,0.416,0.711
Jed Lowrie,HOU,2B,69.0,230.0,35.0,51.0,14.0,0.0,9.0,30.0,1.0,0.0,28.0,43.0,0.0,2.0,3.0,0.222,0.312,0.4,0.712
Hernan Perez,MIL,2B,90.0,230.0,13.0,62.0,15.0,2.0,1.0,21.0,4.0,1.0,4.0,48.0,3.0,1.0,0.0,0.27,0.281,0.365,0.646
Yoenis Cespedes,NYM,OF,57.0,230.0,39.0,66.0,14.0,4.0,17.0,44.0,4.0,1.0,14.0,54.0,0.0,1.0,4.0,0.287,0.337,0.604,0.941
Matt Holliday,STL,OF,73.0,229.0,24.0,64.0,16.0,1.0,4.0,35.0,2.0,1.0,39.0,49.0,0.0,3.0,6.0,0.279,0.394,0.41,0.804
Martin Maldonado,MIL,C,79.0,229.0,19.0,48.0,7.0,0.0,4.0,22.0,0.0,1.0,23.0,65.0,1.0,2.0,1.0,0.21,0.282,0.293,0.575
Ben Revere,TOR,OF,56.0,226.0,35.0,72.0,9.0,1.0,1.0,19.0,7.0,2.0,13.0,28.0,3.0,3.0,1.0,0.319,0.354,0.381,0.735
Travis Shaw,BOS,2B,65.0,226.0,31.0,61.0,10.0,0.0,13.0,36.0,0.0,1.0,18.0,57.0,0.0,2.0,2.0,0.27,0.327,0.487,0.814
Josh Phegley,OAK,C,73.0,225.0,27.0,56.0,16.0,1.0,9.0,34.0,0.0,0.0,14.0,51.0,0.0,1.0,3.0,0.249,0.3,0.449,0.749
Wil Myers,SD,3B,60.0,225.0,40.0,57.0,13.0,1.0,8.0,29.0,5.0,2.0,27.0,55.0,0.0,0.0,1.0,0.253,0.336,0.427,0.763
Corey Dickerson,COL,OF,65.0,224.0,30.0,68.0,18.0,2.0,10.0,31.0,0.0,1.0,10.0,56.0,0.0,0.0,0.0,0.304,0.333,0.536,0.869
Gerardo Parra,BAL,OF,55.0,224.0,30.0,53.0,12.0,0.0,5.0,20.0,5.0,1.0,8.0,35.0,3.0,1.0,2.0,0.237,0.268,0.357,0.625
Sean Rodriguez,PIT,2B,139.0,224.0,25.0,55.0,12.0,1.0,4.0,17.0,2.0,2.0,5.0,63.0,5.0,0.0,6.0,0.246,0.281,0.362,0.643
Scott Van Slyke,LAD,OF,96.0,222.0,19.0,53.0,14.0,0.0,6.0,30.0,3.0,1.0,23.0,62.0,1.0,3.0,4.0,0.239,0.317,0.383,0.7
Jackie Bradley,BOS,OF,74.0,221.0,43.0,55.0,17.0,4.0,10.0,43.0,3.0,0.0,27.0,69.0,1.0,3.0,3.0,0.249,0.335,0.498,0.833
Ketel Marte,SEA,2B,57.0,219.0,25.0,62.0,14.0,3.0,2.0,17.0,8.0,4.0,24.0,43.0,2.0,2.0,0.0,0.283,0.351,0.402,0.753
Alex Guerrero,LAD,3B,106.0,219.0,25.0,51.0,9.0,1.0,11.0,36.0,1.0,0.0,7.0,57.0,0.0,2.0,2.0,0.233,0.261,0.434,0.695
Devon Travis,TOR,2B,62.0,217.0,38.0,66.0,18.0,0.0,8.0,35.0,3.0,1.0,18.0,43.0,0.0,1.0,2.0,0.304,0.361,0.498,0.859
Ike Davis,OAK,1B,2.0,214.0,19.0,49.0,17.0,0.0,3.0,20.0,0.0,0.0,23.0,44.0,0.0,2.0,0.0,0.229,0.301,0.35,0.651
Chris Denorfia,CHC,OF,103.0,212.0,18.0,57.0,11.0,1.0,3.0,18.0,0.0,1.0,15.0,56.0,2.0,1.0,1.0,0.269,0.319,0.373,0.692
Gordon Beckham,CWS,2B,100.0,211.0,24.0,44.0,8.0,0.0,6.0,20.0,0.0,1.0,19.0,43.0,1.0,4.0,2.0,0.209,0.275,0.332,0.607
Travis Snider,BAL,OF,69.0,211.0,23.0,50.0,9.0,2.0,3.0,20.0,1.0,0.0,23.0,56.0,0.0,0.0,2.0,0.237,0.318,0.341,0.659
Jon Jay,STL,OF,79.0,210.0,25.0,44.0,5.0,1.0,1.0,10.0,0.0,2.0,19.0,36.0,3.0,2.0,11.0,0.21,0.306,0.257,0.563
Hunter Pence,SF,OF,52.0,207.0,30.0,57.0,13.0,1.0,9.0,40.0,4.0,1.0,16.0,48.0,0.0,0.0,0.0,0.275,0.327,0.478,0.805
Clint Barmes,SD,SS,98.0,207.0,24.0,48.0,14.0,1.0,3.0,16.0,0.0,1.0,10.0,55.0,3.0,0.0,4.0,0.232,0.281,0.353,0.634
David Murphy,CLE,OF,84.0,206.0,22.0,61.0,12.0,1.0,5.0,27.0,0.0,1.0,16.0,29.0,1.0,4.0,1.0,0.296,0.344,0.437,0.781
Melvin Upton Jr.,SD,OF,87.0,205.0,23.0,53.0,12.0,4.0,5.0,17.0,9.0,3.0,21.0,62.0,2.0,0.0,0.0,0.259,0.327,0.429,0.756
Tim Beckham,TB,SS,82.0,203.0,24.0,45.0,7.0,4.0,9.0,37.0,3.0,1.0,13.0,69.0,0.0,4.0,3.0,0.222,0.274,0.429,0.703
Enrique Hernandez,LAD,2B,76.0,202.0,24.0,62.0,12.0,2.0,7.0,22.0,0.0,2.0,11.0,46.0,1.0,2.0,2.0,0.307,0.346,0.49,0.836
Shane Peterson,MIL,OF,93.0,201.0,22.0,52.0,7.0,3.0,2.0,16.0,0.0,1.0,20.0,55.0,3.0,1.0,0.0,0.259,0.324,0.353,0.677
Hank Conger,HOU,C,73.0,201.0,25.0,46.0,11.0,0.0,11.0,33.0,0.0,1.0,23.0,63.0,1.0,2.0,2.0,0.229,0.311,0.448,0.759
Ivan De Jesus,CIN,SS,76.0,201.0,15.0,49.0,10.0,2.0,4.0,28.0,0.0,2.0,19.0,55.0,0.0,1.0,1.0,0.244,0.311,0.373,0.684
Jarrod Dyson,KC,OF,90.0,200.0,31.0,50.0,8.0,6.0,2.0,18.0,26.0,3.0,14.0,37.0,6.0,1.0,4.0,0.25,0.311,0.38,0.691
Jason Bourgeois,CIN,OF,68.0,196.0,28.0,47.0,5.0,2.0,3.0,14.0,3.0,1.0,14.0,33.0,1.0,0.0,1.0,0.24,0.294,0.332,0.626
Aramis Ramirez,PIT,3B,56.0,196.0,18.0,48.0,13.0,1.0,6.0,33.0,0.0,0.0,15.0,26.0,0.0,2.0,1.0,0.245,0.299,0.413,0.712
Jonny Gomes,ATL,OF,83.0,195.0,27.0,43.0,7.0,0.0,7.0,22.0,1.0,1.0,28.0,67.0,0.0,2.0,3.0,0.221,0.325,0.364,0.689
Peter Bourjos,STL,OF,117.0,195.0,32.0,39.0,8.0,3.0,4.0,13.0,5.0,8.0,19.0,59.0,4.0,1.0,6.0,0.2,0.29,0.333,0.623
Zack Cozart,CIN,3B,53.0,194.0,28.0,50.0,10.0,1.0,9.0,28.0,3.0,3.0,14.0,29.0,1.0,3.0,2.0,0.258,0.31,0.459,0.769
Jose Reyes,COL,SS,47.0,193.0,21.0,50.0,8.0,2.0,3.0,19.0,8.0,4.0,9.0,24.0,5.0,1.0,0.0,0.259,0.291,0.368,0.659
Tyler Collins,DET,OF,60.0,192.0,18.0,51.0,11.0,3.0,4.0,25.0,2.0,1.0,13.0,43.0,1.0,0.0,1.0,0.266,0.316,0.417,0.733
Adonis Garcia,ATL,3B,58.0,191.0,20.0,53.0,12.0,0.0,10.0,26.0,0.0,0.0,5.0,35.0,0.0,2.0,0.0,0.277,0.293,0.497,0.79
Domonic Brown,PHI,OF,63.0,189.0,19.0,43.0,6.0,1.0,5.0,25.0,3.0,1.0,14.0,36.0,0.0,0.0,1.0,0.228,0.284,0.349,0.633
Eduardo Nunez,MIN,2B,72.0,188.0,23.0,53.0,14.0,1.0,4.0,20.0,8.0,4.0,12.0,29.0,2.0,1.0,1.0,0.282,0.327,0.431,0.758
Tyler Moore,WAS,1B,97.0,187.0,14.0,38.0,12.0,0.0,6.0,27.0,0.0,0.0,11.0,45.0,0.0,1.0,1.0,0.203,0.25,0.364,0.614
Geovany Soto,CWS,C,78.0,187.0,20.0,41.0,8.0,0.0,9.0,21.0,0.0,1.0,21.0,63.0,1.0,0.0,1.0,0.219,0.301,0.406,0.707
Dustin Ackley,SEA,1B,85.0,186.0,22.0,40.0,8.0,1.0,6.0,19.0,2.0,2.0,14.0,38.0,3.0,3.0,1.0,0.215,0.27,0.366,0.636
Daniel Descalso,COL,2B,101.0,185.0,22.0,38.0,3.0,2.0,5.0,22.0,1.0,2.0,20.0,45.0,4.0,0.0,0.0,0.205,0.283,0.324,0.607
John Jaso,TB,1B,70.0,185.0,23.0,53.0,17.0,0.0,5.0,22.0,1.0,2.0,28.0,39.0,0.0,2.0,1.0,0.286,0.38,0.459,0.839
Andrew Romine,DET,SS,109.0,184.0,25.0,47.0,5.0,0.0,2.0,15.0,10.0,5.0,11.0,46.0,4.0,1.0,3.0,0.255,0.307,0.315,0.622
Roberto Perez,CLE,C,70.0,184.0,30.0,42.0,9.0,1.0,7.0,21.0,0.0,0.0,33.0,64.0,5.0,2.0,2.0,0.228,0.348,0.402,0.75
Danny Valencia,OAK,3B,47.0,183.0,33.0,52.0,10.0,1.0,11.0,37.0,0.0,1.0,20.0,40.0,0.0,1.0,1.0,0.284,0.356,0.53,0.886
Kelly Johnson,ATL,2B,62.0,182.0,20.0,50.0,5.0,0.0,9.0,34.0,1.0,1.0,13.0,43.0,0.0,1.0,0.0,0.275,0.321,0.451,0.772
A.J. Ellis,LAD,C,63.0,181.0,24.0,43.0,9.0,0.0,7.0,21.0,0.0,0.0,32.0,38.0,3.0,0.0,1.0,0.238,0.355,0.403,0.758
Carl Crawford,LAD,OF,69.0,181.0,19.0,48.0,9.0,2.0,4.0,16.0,10.0,2.0,10.0,41.0,0.0,0.0,0.0,0.265,0.304,0.403,0.707
Shane Robinson,MIN,OF,83.0,180.0,28.0,45.0,7.0,3.0,0.0,16.0,6.0,1.0,12.0,29.0,3.0,1.0,1.0,0.25,0.299,0.322,0.621
Alex Avila,DET,C,67.0,178.0,21.0,34.0,5.0,0.0,4.0,13.0,0.0,1.0,40.0,66.0,1.0,0.0,0.0,0.191,0.339,0.287,0.626
Abraham Almonte,CLE,OF,51.0,178.0,30.0,47.0,9.0,5.0,5.0,20.0,6.0,0.0,16.0,33.0,0.0,2.0,0.0,0.264,0.321,0.455,0.776
Kelby Tomlinson,SF,2B,54.0,178.0,23.0,54.0,6.0,3.0,2.0,20.0,5.0,4.0,14.0,40.0,0.0,0.0,1.0,0.303,0.358,0.404,0.762
Kennys Vargas,MIN,1B,58.0,175.0,18.0,42.0,4.0,0.0,5.0,17.0,0.0,0.0,9.0,54.0,0.0,0.0,0.0,0.24,0.277,0.349,0.626
Grady Sizemore,TB,OF,58.0,175.0,20.0,45.0,12.0,0.0,6.0,27.0,3.0,3.0,14.0,37.0,0.0,1.0,2.0,0.257,0.318,0.429,0.747
Matt Adams,STL,1B,60.0,175.0,14.0,42.0,9.0,0.0,5.0,24.0,1.0,0.0,10.0,41.0,0.0,1.0,0.0,0.24,0.28,0.377,0.657
Michael Conforto,NYM,OF,56.0,174.0,30.0,47.0,14.0,0.0,9.0,26.0,0.0,1.0,17.0,39.0,0.0,2.0,1.0,0.27,0.335,0.506,0.841
Ryan Hanigan,BOS,C,54.0,174.0,28.0,43.0,8.0,0.0,2.0,16.0,0.0,0.0,20.0,39.0,1.0,1.0,4.0,0.247,0.337,0.328,0.665
Mark Trumbo,ARI,DH,46.0,174.0,23.0,45.0,10.0,3.0,9.0,23.0,0.0,0.0,10.0,39.0,0.0,0.0,0.0,0.259,0.299,0.506,0.805
Delmon Young,BAL,OF,52.0,174.0,20.0,47.0,6.0,0.0,2.0,16.0,0.0,0.0,4.0,29.0,0.0,1.0,1.0,0.27,0.289,0.339,0.628
Eric Campbell,NYM,1B,71.0,173.0,28.0,34.0,8.0,0.0,3.0,19.0,5.0,3.0,26.0,37.0,1.0,2.0,4.0,0.197,0.312,0.295,0.607
Ryan Raburn,CLE,OF,82.0,173.0,22.0,52.0,16.0,1.0,8.0,29.0,0.0,0.0,23.0,44.0,0.0,1.0,4.0,0.301,0.393,0.543,0.936
Conor Gillaspie,CWS,3B,58.0,173.0,10.0,41.0,11.0,1.0,3.0,15.0,0.0,1.0,9.0,34.0,0.0,2.0,1.0,0.237,0.276,0.364,0.64
Ezequiel Carrera,TOR,OF,91.0,172.0,27.0,47.0,8.0,0.0,3.0,26.0,2.0,1.0,11.0,45.0,5.0,2.0,2.0,0.273,0.321,0.372,0.693
Franklin Gutierrez,SEA,OF,59.0,171.0,27.0,50.0,11.0,0.0,15.0,35.0,0.0,0.0,14.0,54.0,0.0,1.0,3.0,0.292,0.354,0.62,0.974
Dioner Navarro,TOR,C,54.0,171.0,17.0,42.0,7.0,0.0,5.0,20.0,0.0,0.0,17.0,29.0,0.0,4.0,0.0,0.246,0.307,0.374,0.681
Jarrod Saltalamacchia,ARI,C,70.0,171.0,23.0,43.0,14.0,0.0,8.0,23.0,0.0,0.0,19.0,57.0,1.0,1.0,2.0,0.251,0.332,0.474,0.806
Josh Hamilton,TEX,OF,50.0,170.0,22.0,43.0,8.0,0.0,8.0,25.0,0.0,0.0,10.0,52.0,0.0,2.0,0.0,0.253,0.291,0.441,0.732
Nolan Reimold,BAL,OF,61.0,170.0,24.0,42.0,5.0,1.0,6.0,20.0,0.0,0.0,23.0,47.0,0.0,0.0,2.0,0.247,0.344,0.394,0.738
Justin Morneau,COL,DH,49.0,168.0,19.0,52.0,10.0,3.0,3.0,15.0,0.0,0.0,13.0,25.0,0.0,0.0,1.0,0.31,0.363,0.458,0.821
Troy Tulowitzki,TOR,SS,41.0,163.0,31.0,39.0,8.0,0.0,5.0,17.0,1.0,0.0,14.0,42.0,0.0,1.0,5.0,0.239,0.317,0.38,0.697
Danny Valencia,TOR,3B,58.0,162.0,26.0,48.0,13.0,0.0,7.0,29.0,2.0,1.0,9.0,40.0,1.0,1.0,0.0,0.296,0.331,0.506,0.837
Alejandro De Aza,BOS,OF,60.0,161.0,23.0,47.0,9.0,5.0,4.0,25.0,3.0,1.0,12.0,36.0,2.0,1.0,2.0,0.292,0.347,0.484,0.831
Mike Morse,MIA,1B,53.0,160.0,8.0,34.0,4.0,0.0,4.0,12.0,0.0,0.0,12.0,55.0,0.0,0.0,2.0,0.213,0.276,0.313,0.589
David Ross,CHC,C,72.0,159.0,6.0,28.0,9.0,0.0,1.0,9.0,1.0,0.0,20.0,61.0,2.0,1.0,0.0,0.176,0.267,0.252,0.519
Chris Stewart,PIT,C,58.0,159.0,9.0,46.0,8.0,0.0,0.0,15.0,0.0,0.0,6.0,29.0,3.0,2.0,2.0,0.289,0.32,0.34,0.66
Greg Bird,NYY,1B,46.0,157.0,26.0,41.0,9.0,0.0,11.0,31.0,0.0,0.0,19.0,53.0,0.0,1.0,1.0,0.261,0.343,0.529,0.872
David Murphy,LAA,OF,48.0,155.0,16.0,41.0,6.0,0.0,5.0,23.0,0.0,1.0,4.0,20.0,0.0,1.0,0.0,0.265,0.281,0.4,0.681
Christian Bethancourt,ATL,C,48.0,155.0,16.0,31.0,8.0,0.0,2.0,12.0,1.0,1.0,5.0,33.0,0.0,0.0,0.0,0.2,0.225,0.29,0.515
John Ryan Murphy,NYY,C,67.0,155.0,21.0,43.0,9.0,1.0,3.0,14.0,0.0,0.0,12.0,43.0,1.0,3.0,1.0,0.277,0.327,0.406,0.733
Taylor Featherston,LAA,2B,101.0,154.0,23.0,25.0,5.0,1.0,2.0,9.0,4.0,2.0,7.0,46.0,4.0,1.0,3.0,0.162,0.212,0.247,0.459
Chris Johnson,ATL,3B,56.0,153.0,12.0,36.0,7.0,0.0,2.0,11.0,2.0,1.0,7.0,49.0,0.0,1.0,1.0,0.235,0.272,0.32,0.592
Tommy Pham,STL,OF,52.0,153.0,28.0,41.0,7.0,5.0,5.0,18.0,2.0,0.0,19.0,41.0,0.0,1.0,0.0,0.268,0.347,0.477,0.824
David Wright,NYM,3B,38.0,152.0,24.0,44.0,7.0,0.0,5.0,17.0,2.0,1.0,22.0,36.0,0.0,0.0,0.0,0.289,0.379,0.434,0.813
Jason Rogers,MIL,1B,86.0,152.0,22.0,45.0,6.0,2.0,4.0,16.0,0.0,0.0,15.0,34.0,0.0,0.0,2.0,0.296,0.367,0.441,0.808
Juan Uribe,ATL,3B,46.0,151.0,17.0,43.0,6.0,0.0,7.0,17.0,1.0,0.0,15.0,37.0,0.0,0.0,1.0,0.285,0.353,0.464,0.817
Carlos Gomez,HOU,OF,41.0,149.0,19.0,36.0,9.0,0.0,4.0,13.0,10.0,3.0,8.0,31.0,3.0,1.0,2.0,0.242,0.288,0.383,0.671
Marlon Byrd,SF,OF,39.0,147.0,12.0,40.0,12.0,2.0,4.0,31.0,0.0,0.0,6.0,44.0,0.0,2.0,1.0,0.272,0.301,0.463,0.764
Cole Gillespie,MIA,OF,67.0,145.0,17.0,42.0,10.0,2.0,2.0,16.0,4.0,1.0,10.0,27.0,1.0,1.0,0.0,0.29,0.333,0.428,0.761
Garrett Jones,NYY,1B,57.0,144.0,12.0,31.0,4.0,1.0,5.0,17.0,0.0,0.0,8.0,37.0,0.0,0.0,0.0,0.215,0.257,0.361,0.618
J.B. Shuck,CWS,OF,79.0,143.0,15.0,38.0,8.0,2.0,0.0,15.0,7.0,5.0,16.0,16.0,3.0,2.0,1.0,0.266,0.34,0.35,0.69
Miguel Rojas,MIA,SS,60.0,142.0,13.0,40.0,7.0,1.0,1.0,17.0,0.0,1.0,11.0,16.0,2.0,2.0,0.0,0.282,0.329,0.366,0.695
Pedro Ciriaco,ATL,3B,84.0,142.0,14.0,37.0,8.0,1.0,1.0,15.0,4.0,2.0,2.0,38.0,2.0,3.0,2.0,0.261,0.275,0.352,0.627
Tony Cruz,STL,C,69.0,142.0,6.0,29.0,7.0,1.0,2.0,11.0,0.0,0.0,6.0,32.0,2.0,1.0,0.0,0.204,0.235,0.31,0.545
Jake Elmore,TB,OF,51.0,141.0,10.0,29.0,5.0,0.0,2.0,16.0,1.0,1.0,12.0,25.0,2.0,3.0,0.0,0.206,0.263,0.284,0.547
Aaron Altherr,PHI,OF,39.0,137.0,25.0,33.0,11.0,4.0,5.0,22.0,6.0,2.0,16.0,41.0,1.0,2.0,5.0,0.241,0.338,0.489,0.827
Austin Hedges,SD,C,56.0,137.0,13.0,23.0,2.0,0.0,3.0,11.0,0.0,0.0,8.0,38.0,3.0,3.0,1.0,0.168,0.215,0.248,0.463
Jose Lobaton,WAS,C,44.0,136.0,11.0,27.0,4.0,0.0,3.0,20.0,0.0,0.0,15.0,40.0,1.0,2.0,1.0,0.199,0.279,0.294,0.573
Michael Bourn,ATL,OF,46.0,136.0,10.0,30.0,3.0,1.0,0.0,11.0,4.0,2.0,17.0,31.0,1.0,2.0,0.0,0.221,0.303,0.257,0.56
Cliff Pennington,ARI,2B,72.0,135.0,15.0,32.0,3.0,0.0,1.0,10.0,3.0,0.0,16.0,29.0,4.0,2.0,0.0,0.237,0.314,0.281,0.595
David Lough,BAL,OF,84.0,134.0,14.0,27.0,1.0,1.0,4.0,12.0,2.0,4.0,5.0,36.0,3.0,0.0,2.0,0.201,0.241,0.313,0.554
Andrew Susac,SF,C,52.0,133.0,14.0,29.0,7.0,2.0,3.0,14.0,0.0,0.0,14.0,43.0,0.0,0.0,1.0,0.218,0.297,0.368,0.665
Brandon Moss,STL,DH,51.0,132.0,11.0,33.0,7.0,1.0,4.0,8.0,0.0,1.0,17.0,42.0,0.0,0.0,2.0,0.25,0.344,0.409,0.753
Byron Buxton,MIN,OF,46.0,129.0,16.0,27.0,7.0,1.0,2.0,6.0,2.0,2.0,6.0,44.0,2.0,0.0,1.0,0.209,0.25,0.326,0.576
Tuffy Gosewisch,ARI,C,38.0,128.0,9.0,27.0,6.0,0.0,1.0,13.0,2.0,1.0,8.0,23.0,0.0,1.0,1.0,0.211,0.261,0.281,0.542
Juan Uribe,NYM,3B,44.0,128.0,17.0,28.0,9.0,0.0,6.0,20.0,0.0,0.0,14.0,34.0,0.0,0.0,1.0,0.219,0.301,0.43,0.731
Kelly Johnson,NYM,2B,49.0,128.0,18.0,32.0,6.0,0.0,5.0,13.0,1.0,0.0,10.0,38.0,0.0,0.0,0.0,0.25,0.304,0.414,0.718
Casey McGehee,SF,3B,49.0,127.0,7.0,27.0,5.0,0.0,2.0,11.0,0.0,1.0,11.0,28.0,0.0,0.0,0.0,0.213,0.275,0.299,0.574
Hector Gomez,MIL,2B,66.0,127.0,15.0,23.0,11.0,2.0,1.0,7.0,0.0,0.0,3.0,40.0,2.0,0.0,2.0,0.181,0.212,0.323,0.535
Mike McKenry,COL,C,58.0,127.0,20.0,26.0,7.0,3.0,4.0,17.0,2.0,2.0,22.0,41.0,0.0,1.0,2.0,0.205,0.329,0.402,0.731
Rafael Ynoa,COL,OF,72.0,127.0,14.0,33.0,8.0,1.0,0.0,9.0,1.0,0.0,3.0,28.0,1.0,0.0,0.0,0.26,0.277,0.339,0.616
Jesus Sucre,SEA,C,52.0,127.0,9.0,20.0,6.0,0.0,1.0,7.0,0.0,0.0,6.0,21.0,9.0,0.0,0.0,0.157,0.195,0.228,0.423
Jonathan Herrera,CHC,2B,73.0,126.0,14.0,29.0,5.0,1.0,2.0,14.0,3.0,0.0,2.0,23.0,4.0,0.0,0.0,0.23,0.242,0.333,0.575
Coco Crisp,OAK,OF,44.0,126.0,11.0,22.0,6.0,0.0,0.0,6.0,2.0,0.0,13.0,25.0,0.0,0.0,0.0,0.175,0.252,0.222,0.474
Chase Utley,LAD,2B,34.0,124.0,14.0,25.0,9.0,1.0,3.0,9.0,1.0,0.0,10.0,29.0,0.0,1.0,6.0,0.202,0.291,0.363,0.654
Alberto Callaspo,LAD,3B,60.0,123.0,8.0,32.0,5.0,0.0,0.0,7.0,0.0,0.0,14.0,24.0,1.0,0.0,0.0,0.26,0.336,0.301,0.637
Jerry Sands,CLE,1B,50.0,123.0,11.0,29.0,5.0,1.0,4.0,19.0,0.0,0.0,9.0,36.0,0.0,1.0,0.0,0.236,0.286,0.39,0.676
Trayce Thompson,CWS,OF,44.0,122.0,17.0,36.0,8.0,3.0,5.0,16.0,1.0,0.0,13.0,26.0,0.0,0.0,0.0,0.295,0.363,0.533,0.896
Logan Schafer,MIL,OF,69.0,122.0,17.0,27.0,6.0,1.0,1.0,6.0,1.0,0.0,12.0,29.0,6.0,1.0,2.0,0.221,0.299,0.311,0.61
Domingo Santana,MIL,OF,38.0,121.0,14.0,28.0,5.0,0.0,6.0,18.0,2.0,0.0,18.0,46.0,0.0,2.0,4.0,0.231,0.345,0.421,0.766
Dan Uggla,WAS,2B,67.0,120.0,12.0,22.0,4.0,2.0,2.0,16.0,0.0,1.0,19.0,40.0,0.0,1.0,1.0,0.183,0.298,0.3,0.598
Eury Perez,ATL,OF,47.0,119.0,10.0,32.0,4.0,0.0,0.0,5.0,3.0,1.0,7.0,23.0,3.0,0.0,4.0,0.269,0.331,0.303,0.634
Nick Swisher,ATL,OF,46.0,118.0,8.0,23.0,5.0,0.0,4.0,17.0,0.0,0.0,27.0,30.0,0.0,2.0,2.0,0.195,0.349,0.339,0.688
Jonathan Villar,HOU,2B,53.0,116.0,18.0,33.0,7.0,1.0,2.0,11.0,7.0,2.0,10.0,29.0,1.0,1.0,0.0,0.284,0.339,0.414,0.753
Sandy Leon,BOS,C,41.0,114.0,8.0,21.0,2.0,0.0,0.0,3.0,0.0,1.0,7.0,28.0,6.0,0.0,1.0,0.184,0.238,0.202,0.44
Adam Rosales,TEX,2B,55.0,114.0,14.0,26.0,4.0,0.0,3.0,7.0,4.0,4.0,10.0,30.0,0.0,0.0,1.0,0.228,0.296,0.342,0.638
Ehire Adrianza,SF,SS,52.0,113.0,11.0,21.0,7.0,1.0,0.0,11.0,3.0,2.0,15.0,20.0,2.0,0.0,4.0,0.186,0.303,0.265,0.568
Jesus Montero,SEA,1B,38.0,112.0,11.0,25.0,6.0,0.0,5.0,19.0,0.0,0.0,4.0,32.0,0.0,0.0,0.0,0.223,0.25,0.411,0.661
Casey McGehee,MIA,3B,60.0,110.0,7.0,20.0,7.0,0.0,0.0,9.0,1.0,0.0,10.0,22.0,0.0,0.0,0.0,0.182,0.25,0.245,0.495
John Mayberry,NYM,OF,59.0,110.0,8.0,18.0,6.0,1.0,3.0,9.0,1.0,0.0,9.0,33.0,0.0,0.0,0.0,0.164,0.227,0.318,0.545
Joey Gallo,TEX,1B,36.0,108.0,16.0,22.0,3.0,1.0,6.0,14.0,3.0,0.0,15.0,57.0,0.0,0.0,0.0,0.204,0.301,0.417,0.718
Christian Colon,KC,2B,43.0,107.0,8.0,31.0,5.0,0.0,0.0,6.0,3.0,2.0,11.0,17.0,1.0,0.0,0.0,0.29,0.356,0.336,0.692
Carlos Corporan,TEX,C,33.0,107.0,10.0,19.0,4.0,0.0,3.0,15.0,0.0,0.0,6.0,40.0,2.0,2.0,4.0,0.178,0.244,0.299,0.543
Alberto Callaspo,ATL,3B,37.0,107.0,12.0,22.0,2.0,0.0,1.0,8.0,0.0,0.0,14.0,10.0,0.0,2.0,0.0,0.206,0.293,0.252,0.545
Kirk Nieuwenhuis,NYM,OF,64.0,106.0,17.0,22.0,9.0,0.0,4.0,13.0,2.0,1.0,8.0,40.0,0.0,0.0,3.0,0.208,0.282,0.406,0.688
Kyle Parker,COL,OF,46.0,106.0,10.0,19.0,3.0,1.0,3.0,11.0,1.0,0.0,6.0,37.0,0.0,0.0,0.0,0.179,0.223,0.311,0.534
Jake Smolinski,OAK,OF,41.0,106.0,12.0,24.0,6.0,2.0,5.0,20.0,0.0,1.0,8.0,19.0,0.0,2.0,2.0,0.226,0.288,0.462,0.75
Mikie Mahtook,TB,OF,41.0,105.0,22.0,31.0,5.0,1.0,9.0,19.0,4.0,3.0,6.0,31.0,1.0,0.0,3.0,0.295,0.351,0.619,0.97
Alejandro De Aza,BAL,OF,30.0,103.0,16.0,22.0,4.0,1.0,3.0,7.0,2.0,2.0,7.0,34.0,0.0,0.0,2.0,0.214,0.277,0.359,0.636
Chris Herrmann,MIN,C,45.0,103.0,13.0,15.0,5.0,1.0,2.0,10.0,0.0,0.0,7.0,37.0,1.0,0.0,2.0,0.146,0.214,0.272,0.486
Drew Stubbs,COL,OF,51.0,102.0,14.0,22.0,3.0,2.0,5.0,10.0,2.0,1.0,9.0,50.0,2.0,0.0,1.0,0.216,0.286,0.431,0.717
Max Muncy,OAK,1B,45.0,102.0,14.0,21.0,8.0,1.0,3.0,9.0,0.0,0.0,9.0,31.0,0.0,1.0,0.0,0.206,0.268,0.392,0.66
Curt Casali,TB,C,38.0,101.0,13.0,24.0,6.0,0.0,10.0,18.0,0.0,0.0,8.0,34.0,1.0,1.0,2.0,0.238,0.304,0.594,0.898
Nick Franklin,TB,2B,44.0,101.0,11.0,16.0,4.0,1.0,3.0,7.0,1.0,0.0,7.0,37.0,1.0,0.0,0.0,0.158,0.213,0.307,0.52
Nick Swisher,CLE,OF,30.0,101.0,6.0,20.0,4.0,0.0,2.0,8.0,0.0,0.0,8.0,24.0,0.0,1.0,1.0,0.198,0.261,0.297,0.558
Steve Clevenger,BAL,C,30.0,101.0,11.0,29.0,4.0,2.0,2.0,15.0,0.0,0.0,4.0,13.0,0.0,0.0,0.0,0.287,0.314,0.426,0.74
Micah Johnson,CWS,2B,36.0,100.0,10.0,23.0,4.0,0.0,0.0,4.0,3.0,2.0,9.0,30.0,2.0,0.0,2.0,0.23,0.306,0.27,0.576
Matt den Dekker,WAS,OF,55.0,99.0,12.0,25.0,6.0,1.0,5.0,12.0,0.0,1.0,9.0,20.0,2.0,0.0,0.0,0.253,0.315,0.485,0.8
Pete Kozma,STL,SS,76.0,99.0,15.0,15.0,0.0,0.0,0.0,2.0,3.0,1.0,10.0,21.0,1.0,0.0,1.0,0.152,0.236,0.152,0.388
Hanser Alberto,TEX,3B,41.0,99.0,12.0,22.0,2.0,1.0,0.0,4.0,1.0,0.0,2.0,17.0,3.0,0.0,0.0,0.222,0.238,0.263,0.501
Corey Seager,LAD,SS,27.0,98.0,17.0,33.0,8.0,1.0,4.0,17.0,2.0,0.0,14.0,19.0,0.0,0.0,1.0,0.337,0.425,0.561,0.986
Grady Sizemore,PHI,OF,39.0,98.0,4.0,24.0,5.0,0.0,0.0,6.0,0.0,0.0,6.0,23.0,0.0,0.0,0.0,0.245,0.288,0.296,0.584
Chris Gimenez,TEX,C,36.0,98.0,19.0,25.0,6.0,1.0,5.0,14.0,2.0,0.0,10.0,19.0,4.0,0.0,1.0,0.255,0.33,0.49,0.82
Desmond Jennings,TB,OF,28.0,97.0,9.0,26.0,2.0,1.0,1.0,7.0,5.0,3.0,8.0,17.0,0.0,2.0,1.0,0.268,0.324,0.34,0.664
Chris Parmelee,BAL,1B,32.0,97.0,11.0,21.0,7.0,1.0,4.0,9.0,0.0,1.0,4.0,26.0,0.0,0.0,1.0,0.216,0.255,0.433,0.688
Luis Sardinas,MIL,SS,36.0,97.0,8.0,19.0,0.0,1.0,0.0,4.0,0.0,0.0,6.0,25.0,1.0,1.0,0.0,0.196,0.24,0.216,0.456
Daniel Castro,ATL,SS,33.0,96.0,14.0,23.0,2.0,1.0,2.0,5.0,0.0,0.0,3.0,15.0,1.0,0.0,0.0,0.24,0.263,0.344,0.607
Everth Cabrera,BAL,SS,29.0,96.0,7.0,20.0,2.0,0.0,0.0,4.0,2.0,0.0,5.0,22.0,1.0,2.0,1.0,0.208,0.25,0.229,0.479
Brett Wallace,SD,3B,64.0,96.0,14.0,29.0,6.0,0.0,5.0,16.0,0.0,0.0,10.0,31.0,0.0,0.0,1.0,0.302,0.374,0.521,0.895
Brendan Ryan,NYY,2B,47.0,96.0,10.0,22.0,6.0,2.0,0.0,8.0,0.0,0.0,5.0,29.0,1.0,0.0,1.0,0.229,0.275,0.333,0.608
Shane Victorino,BOS,OF,33.0,94.0,10.0,23.0,2.0,0.0,1.0,4.0,5.0,0.0,9.0,14.0,1.0,0.0,2.0,0.245,0.324,0.298,0.622
Chris Taylor,SEA,SS,37.0,94.0,9.0,16.0,3.0,1.0,0.0,1.0,3.0,2.0,6.0,31.0,2.0,0.0,0.0,0.17,0.22,0.223,0.443
Dalton Pompey,TOR,OF,34.0,94.0,17.0,21.0,8.0,0.0,2.0,6.0,5.0,1.0,7.0,23.0,0.0,0.0,2.0,0.223,0.291,0.372,0.663
Jeff Mathis,MIA,C,32.0,93.0,9.0,15.0,4.0,1.0,2.0,12.0,0.0,0.0,7.0,24.0,0.0,3.0,0.0,0.161,0.214,0.29,0.504
Kris Negron,CIN,SS,43.0,93.0,5.0,13.0,2.0,0.0,0.0,2.0,2.0,0.0,9.0,23.0,2.0,0.0,3.0,0.14,0.238,0.161,0.399
Travis Jankowski,SD,OF,34.0,90.0,9.0,19.0,2.0,2.0,2.0,12.0,2.0,1.0,4.0,24.0,2.0,0.0,0.0,0.211,0.245,0.344,0.589
Dilson Herrera,NYM,2B,31.0,90.0,7.0,19.0,3.0,1.0,3.0,6.0,2.0,0.0,11.0,23.0,0.0,0.0,2.0,0.211,0.311,0.367,0.678
Chris Johnson,CLE,3B,27.0,90.0,6.0,26.0,4.0,0.0,1.0,7.0,0.0,0.0,3.0,25.0,0.0,0.0,0.0,0.289,0.312,0.367,0.679
Donovan Solano,MIA,2B,55.0,90.0,6.0,17.0,3.0,1.0,0.0,7.0,0.0,0.0,1.0,18.0,1.0,0.0,2.0,0.189,0.215,0.244,0.459
Brennan Boesch,CIN,OF,51.0,89.0,4.0,13.0,2.0,0.0,1.0,5.0,1.0,0.0,4.0,30.0,0.0,0.0,1.0,0.146,0.191,0.202,0.393
Drew Butera,KC,C,45.0,86.0,6.0,17.0,3.0,0.0,1.0,5.0,0.0,0.0,6.0,24.0,5.0,0.0,2.0,0.198,0.266,0.267,0.533
Todd Cunningham,ATL,OF,39.0,86.0,13.0,19.0,4.0,0.0,0.0,4.0,2.0,1.0,5.0,17.0,0.0,0.0,2.0,0.221,0.28,0.267,0.547
Darnell Sweeney,PHI,OF,37.0,85.0,9.0,15.0,4.0,1.0,3.0,11.0,0.0,2.0,13.0,27.0,0.0,0.0,0.0,0.176,0.286,0.353,0.639
Shane Victorino,LAA,OF,38.0,84.0,9.0,18.0,2.0,2.0,0.0,3.0,2.0,0.0,7.0,18.0,2.0,2.0,3.0,0.214,0.292,0.286,0.578
Rickie Weeks,SEA,DH,37.0,84.0,7.0,14.0,1.0,0.0,2.0,9.0,0.0,0.0,9.0,25.0,0.0,0.0,2.0,0.167,0.263,0.25,0.513
Ryan Rua,TEX,OF,28.0,83.0,10.0,16.0,5.0,0.0,4.0,7.0,0.0,0.0,3.0,32.0,0.0,0.0,0.0,0.193,0.221,0.398,0.619
Efren Navarro,LAA,1B,54.0,83.0,9.0,21.0,4.0,0.0,0.0,5.0,0.0,2.0,5.0,16.0,0.0,0.0,0.0,0.253,0.295,0.301,0.596
Juan Uribe,LAD,3B,29.0,81.0,6.0,20.0,2.0,0.0,1.0,6.0,1.0,0.0,5.0,9.0,0.0,1.0,0.0,0.247,0.287,0.309,0.596
Anthony Recker,NYM,C,32.0,80.0,6.0,10.0,1.0,0.0,2.0,5.0,1.0,0.0,11.0,35.0,0.0,0.0,1.0,0.125,0.239,0.213,0.452
Jefry Marte,DET,1B,33.0,80.0,9.0,17.0,4.0,0.0,4.0,11.0,0.0,0.0,8.0,22.0,2.0,0.0,0.0,0.213,0.284,0.413,0.697
Mike Olt,CWS,3B,24.0,79.0,6.0,16.0,0.0,0.0,3.0,4.0,0.0,1.0,7.0,29.0,0.0,0.0,0.0,0.203,0.267,0.316,0.583
Hector Olivera,ATL,OF,24.0,79.0,4.0,20.0,4.0,1.0,2.0,11.0,0.0,0.0,5.0,12.0,0.0,1.0,2.0,0.253,0.31,0.405,0.715
Allen Craig,BOS,OF,36.0,79.0,6.0,12.0,1.0,0.0,1.0,3.0,0.0,0.0,7.0,26.0,0.0,0.0,2.0,0.152,0.239,0.203,0.442
Mike Napoli,TEX,1B,35.0,78.0,9.0,23.0,2.0,0.0,5.0,10.0,0.0,2.0,12.0,19.0,0.0,0.0,1.0,0.295,0.396,0.513,0.909
Emilio Bonifacio,CWS,OF,47.0,78.0,5.0,13.0,2.0,0.0,0.0,4.0,1.0,4.0,2.0,27.0,1.0,0.0,1.0,0.167,0.198,0.192,0.39
Eric Young Jr.,ATL,OF,35.0,77.0,7.0,13.0,4.0,2.0,0.0,5.0,3.0,0.0,6.0,17.0,2.0,0.0,0.0,0.169,0.229,0.273,0.502
Bobby Wilson,TEX,C,31.0,77.0,5.0,17.0,5.0,0.0,1.0,10.0,0.0,1.0,7.0,19.0,2.0,1.0,1.0,0.221,0.291,0.325,0.616
Javier Baez,CHC,SS,28.0,76.0,4.0,22.0,6.0,0.0,1.0,4.0,1.0,2.0,4.0,24.0,0.0,0.0,0.0,0.289,0.325,0.408,0.733
Daniel Robertson,LAA,OF,37.0,75.0,10.0,21.0,2.0,0.0,0.0,7.0,0.0,0.0,2.0,7.0,3.0,0.0,0.0,0.28,0.299,0.307,0.606
Cliff Pennington,TOR,2B,33.0,75.0,9.0,12.0,3.0,0.0,2.0,11.0,0.0,0.0,11.0,20.0,3.0,2.0,1.0,0.16,0.27,0.28,0.55
Greg Garcia,STL,2B,49.0,75.0,7.0,18.0,5.0,0.0,2.0,4.0,0.0,0.0,10.0,12.0,1.0,0.0,1.0,0.24,0.337,0.387,0.724
Jose Pirela,NYY,2B,37.0,74.0,7.0,17.0,3.0,0.0,1.0,5.0,1.0,0.0,2.0,16.0,1.0,1.0,0.0,0.23,0.247,0.311,0.558
Josh Rutledge,BOS,3B,39.0,74.0,11.0,21.0,1.0,0.0,1.0,10.0,0.0,0.0,5.0,26.0,1.0,3.0,2.0,0.284,0.333,0.338,0.671
Richie Shaffer,TB,OF,31.0,74.0,11.0,14.0,3.0,0.0,4.0,6.0,0.0,1.0,10.0,32.0,0.0,1.0,3.0,0.189,0.307,0.392,0.699
Daniel Nava,TB,OF,31.0,73.0,7.0,17.0,2.0,0.0,1.0,3.0,1.0,0.0,12.0,19.0,0.0,0.0,3.0,0.233,0.364,0.301,0.665
Austin Jackson,CHC,OF,29.0,72.0,10.0,17.0,7.0,0.0,1.0,10.0,2.0,1.0,5.0,19.0,0.0,0.0,2.0,0.236,0.304,0.375,0.679
Jeff Baker,MIA,2B,41.0,72.0,11.0,15.0,3.0,0.0,3.0,8.0,0.0,0.0,8.0,25.0,0.0,0.0,0.0,0.208,0.288,0.375,0.663
Matt Szczur,CHC,OF,47.0,72.0,5.0,16.0,5.0,0.0,1.0,8.0,2.0,0.0,6.0,15.0,1.0,1.0,0.0,0.222,0.278,0.333,0.611
J.P. Arencibia,TB,C,24.0,71.0,9.0,22.0,3.0,0.0,6.0,17.0,0.0,0.0,1.0,22.0,0.0,1.0,0.0,0.31,0.315,0.606,0.921
Carlos Peguero,TEX,OF,30.0,70.0,10.0,13.0,4.0,0.0,4.0,9.0,2.0,0.0,12.0,36.0,0.0,1.0,1.0,0.186,0.31,0.414,0.724
Justin Ruggiano,SEA,OF,36.0,70.0,8.0,15.0,4.0,0.0,2.0,3.0,3.0,2.0,11.0,27.0,0.0,0.0,0.0,0.214,0.321,0.357,0.678
Dustin Garneau,COL,C,22.0,70.0,6.0,11.0,3.0,0.0,2.0,8.0,0.0,0.0,6.0,14.0,0.0,0.0,0.0,0.157,0.224,0.286,0.51
Willie Bloomquist,SEA,2B,35.0,69.0,2.0,11.0,1.0,0.0,0.0,4.0,1.0,1.0,2.0,13.0,0.0,0.0,1.0,0.159,0.194,0.174,0.368
Mike Morse,PIT,1B,45.0,69.0,6.0,19.0,3.0,1.0,1.0,7.0,0.0,0.0,11.0,21.0,0.0,0.0,2.0,0.275,0.39,0.391,0.781
Collin Cowgill,LAA,OF,55.0,69.0,10.0,13.0,2.0,1.0,1.0,2.0,2.0,1.0,4.0,19.0,1.0,0.0,0.0,0.188,0.233,0.29,0.523
Darrell Ceciliani,NYM,OF,39.0,68.0,5.0,14.0,2.0,0.0,1.0,3.0,5.0,1.0,4.0,25.0,0.0,0.0,2.0,0.206,0.27,0.279,0.549
Dixon Machado,DET,SS,24.0,68.0,6.0,16.0,3.0,0.0,0.0,5.0,1.0,0.0,7.0,14.0,3.0,0.0,0.0,0.235,0.307,0.279,0.586
Tommy La Stella,CHC,3B,33.0,67.0,4.0,18.0,6.0,0.0,1.0,11.0,2.0,0.0,5.0,7.0,0.0,1.0,1.0,0.269,0.324,0.403,0.727
Kyle Blanks,TEX,1B,18.0,67.0,10.0,21.0,5.0,0.0,3.0,6.0,1.0,0.0,4.0,20.0,0.0,0.0,0.0,0.313,0.352,0.522,0.874
Will Venable,TEX,OF,37.0,66.0,6.0,12.0,3.0,0.0,0.0,3.0,5.0,0.0,12.0,21.0,2.0,0.0,2.0,0.182,0.325,0.227,0.552
Daniel Nava,BOS,OF,29.0,66.0,6.0,10.0,2.0,0.0,0.0,7.0,0.0,0.0,8.0,17.0,1.0,1.0,2.0,0.152,0.26,0.182,0.442
Jordan Pacheco,ARI,C,29.0,66.0,8.0,16.0,0.0,0.0,2.0,8.0,1.0,0.0,9.0,14.0,0.0,2.0,1.0,0.242,0.333,0.333,0.666
Ryan Lavarnway,ATL,C,27.0,66.0,5.0,15.0,5.0,0.0,2.0,6.0,0.0,0.0,8.0,21.0,0.0,0.0,0.0,0.227,0.311,0.394,0.705
Phil Gosselin,ARI,2B,24.0,66.0,17.0,20.0,5.0,1.0,3.0,13.0,0.0,1.0,7.0,11.0,0.0,1.0,2.0,0.303,0.382,0.545,0.927
Conor Gillaspie,LAA,3B,17.0,64.0,4.0,13.0,4.0,1.0,1.0,9.0,0.0,0.0,4.0,13.0,0.0,0.0,0.0,0.203,0.25,0.344,0.594
Adam Duvall,CIN,OF,27.0,64.0,6.0,14.0,2.0,0.0,5.0,9.0,0.0,0.0,6.0,26.0,0.0,0.0,2.0,0.219,0.306,0.484,0.79
Bryan Holaday,DET,C,24.0,64.0,3.0,18.0,5.0,0.0,2.0,13.0,0.0,0.0,1.0,13.0,0.0,0.0,0.0,0.281,0.292,0.453,0.745
Alejandro De Aza,SF,OF,24.0,61.0,12.0,16.0,4.0,1.0,0.0,3.0,2.0,2.0,12.0,14.0,0.0,1.0,1.0,0.262,0.387,0.361,0.748
Jake Smolinski,TEX,OF,35.0,60.0,12.0,8.0,1.0,0.0,1.0,6.0,1.0,0.0,11.0,20.0,0.0,2.0,1.0,0.133,0.27,0.2,0.47
Junior Lake,CHC,OF,21.0,58.0,2.0,13.0,4.0,0.0,1.0,5.0,4.0,0.0,4.0,20.0,0.0,0.0,0.0,0.224,0.274,0.345,0.619
Travis Ishikawa,PIT,1B,38.0,58.0,5.0,13.0,3.0,0.0,1.0,8.0,0.0,0.0,8.0,17.0,0.0,0.0,0.0,0.224,0.318,0.328,0.646
Joaquin Arias,SF,SS,40.0,58.0,5.0,12.0,1.0,0.0,1.0,4.0,1.0,0.0,0.0,12.0,1.0,0.0,0.0,0.207,0.207,0.276,0.483
Brian Bogusevic,PHI,OF,22.0,58.0,9.0,15.0,3.0,0.0,2.0,5.0,2.0,0.0,3.0,21.0,0.0,0.0,0.0,0.259,0.295,0.414,0.709
Oswaldo Arcia,MIN,OF,19.0,58.0,6.0,16.0,0.0,0.0,2.0,8.0,0.0,0.0,4.0,15.0,0.0,1.0,2.0,0.276,0.338,0.379,0.717
Mike Baxter,CHC,OF,34.0,57.0,6.0,14.0,1.0,0.0,0.0,2.0,0.0,0.0,7.0,14.0,0.0,0.0,2.0,0.246,0.348,0.263,0.611
David DeJesus,LAA,OF,30.0,56.0,3.0,7.0,1.0,0.0,0.0,4.0,0.0,0.0,2.0,13.0,0.0,0.0,2.0,0.125,0.183,0.143,0.326
Hector Sanchez,SF,C,28.0,56.0,5.0,10.0,4.0,0.0,1.0,5.0,0.0,0.0,2.0,14.0,1.0,0.0,0.0,0.179,0.207,0.304,0.511
Joey Terdoslavich,ATL,1B,28.0,56.0,5.0,12.0,4.0,1.0,1.0,4.0,0.0,0.0,3.0,14.0,0.0,0.0,0.0,0.214,0.254,0.375,0.629
Brandon Drury,ARI,3B,20.0,56.0,3.0,12.0,3.0,0.0,2.0,8.0,0.0,0.0,2.0,8.0,0.0,0.0,1.0,0.214,0.254,0.375,0.629
Bobby Wilson,TB,C,25.0,55.0,3.0,8.0,0.0,0.0,0.0,4.0,0.0,0.0,4.0,20.0,0.0,0.0,0.0,0.145,0.203,0.145,0.348
Justin Ruggiano,LAD,OF,21.0,55.0,12.0,16.0,4.0,1.0,4.0,12.0,2.0,0.0,3.0,14.0,0.0,0.0,2.0,0.291,0.35,0.618,0.968
Chris Heisey,LAD,OF,33.0,55.0,8.0,10.0,2.0,0.0,2.0,9.0,0.0,1.0,15.0,17.0,0.0,2.0,0.0,0.182,0.347,0.327,0.674
Corey Hart,PIT,1B,35.0,54.0,3.0,12.0,1.0,0.0,2.0,9.0,0.0,0.0,1.0,19.0,0.0,1.0,1.0,0.222,0.246,0.352,0.598
Abraham Almonte,SD,OF,31.0,54.0,6.0,11.0,3.0,0.0,0.0,4.0,1.0,1.0,5.0,19.0,3.0,0.0,0.0,0.204,0.271,0.259,0.53
Cristhian Adames,COL,SS,26.0,53.0,4.0,13.0,1.0,1.0,0.0,3.0,0.0,1.0,3.0,11.0,1.0,0.0,1.0,0.245,0.298,0.302,0.6
Deven Marrero,BOS,3B,25.0,53.0,8.0,12.0,0.0,0.0,1.0,3.0,2.0,1.0,3.0,19.0,0.0,0.0,0.0,0.226,0.268,0.283,0.551
Dustin Ackley,NYY,1B,23.0,52.0,6.0,15.0,3.0,2.0,4.0,11.0,0.0,0.0,4.0,7.0,0.0,1.0,0.0,0.288,0.333,0.654,0.987
Craig Gentry,OAK,OF,26.0,50.0,6.0,6.0,0.0,2.0,0.0,3.0,1.0,1.0,4.0,15.0,0.0,1.0,1.0,0.12,0.196,0.2,0.396
Josh Thole,TOR,C,18.0,49.0,5.0,10.0,2.0,0.0,0.0,2.0,0.0,0.0,3.0,9.0,0.0,0.0,0.0,0.204,0.25,0.245,0.495
Robbie Grossman,HOU,OF,24.0,49.0,7.0,7.0,2.0,0.0,1.0,5.0,0.0,0.0,5.0,17.0,0.0,0.0,0.0,0.143,0.222,0.245,0.467
Jarrett Parker,SF,OF,21.0,49.0,11.0,17.0,2.0,0.0,6.0,14.0,1.0,1.0,5.0,21.0,0.0,0.0,0.0,0.347,0.407,0.755,1.162
Johnny Monell,NYM,C,27.0,48.0,5.0,8.0,2.0,0.0,0.0,4.0,0.0,0.0,4.0,13.0,0.0,0.0,0.0,0.167,0.231,0.208,0.439
Jonathan Singleton,HOU,1B,19.0,47.0,6.0,9.0,2.0,0.0,1.0,6.0,1.0,0.0,10.0,17.0,0.0,1.0,0.0,0.191,0.328,0.298,0.626
Cheslor Cuthbert,KC,3B,19.0,46.0,6.0,10.0,2.0,1.0,1.0,8.0,0.0,0.0,4.0,9.0,0.0,0.0,0.0,0.217,0.28,0.37,0.65
Kaleb Cowart,LAA,3B,34.0,46.0,8.0,8.0,2.0,0.0,1.0,4.0,1.0,1.0,5.0,19.0,1.0,0.0,0.0,0.174,0.255,0.283,0.538
Ryan Strausborger,TEX,OF,31.0,45.0,9.0,9.0,0.0,0.0,1.0,3.0,2.0,1.0,3.0,11.0,1.0,2.0,0.0,0.2,0.24,0.267,0.507
Devin Mesoraco,CIN,C,23.0,45.0,2.0,8.0,1.0,1.0,0.0,2.0,1.0,0.0,5.0,9.0,0.0,0.0,1.0,0.178,0.275,0.244,0.519
Rob Refsnyder,NYY,OF,16.0,43.0,3.0,13.0,3.0,0.0,2.0,5.0,2.0,0.0,3.0,7.0,0.0,0.0,0.0,0.302,0.348,0.512,0.86
Welington Castillo,CHC,C,24.0,43.0,5.0,7.0,2.0,0.0,2.0,5.0,0.0,0.0,3.0,12.0,0.0,0.0,1.0,0.163,0.234,0.349,0.583
Xavier Scruggs,STL,1B,17.0,42.0,5.0,11.0,2.0,0.0,0.0,7.0,1.0,0.0,0.0,10.0,0.0,0.0,1.0,0.262,0.279,0.31,0.589
Grant Green,LAA,2B,21.0,42.0,6.0,8.0,0.0,0.0,1.0,3.0,0.0,1.0,2.0,14.0,0.0,0.0,0.0,0.19,0.227,0.262,0.489
Shawn O'Malley,SEA,SS,24.0,42.0,10.0,11.0,1.0,0.0,1.0,7.0,3.0,0.0,12.0,14.0,2.0,1.0,0.0,0.262,0.418,0.357,0.775
Gregorio Petit,NYY,2B,20.0,42.0,7.0,7.0,3.0,0.0,0.0,5.0,0.0,0.0,3.0,16.0,1.0,1.0,0.0,0.167,0.217,0.238,0.455
Matt McBride,COL,OF,20.0,42.0,5.0,7.0,0.0,0.0,0.0,0.0,0.0,0.0,0.0,4.0,0.0,0.0,1.0,0.167,0.186,0.167,0.353
Steve Tolleson,TOR,2B,19.0,41.0,9.0,11.0,5.0,1.0,0.0,3.0,2.0,0.0,4.0,9.0,0.0,0.0,0.0,0.268,0.333,0.439,0.772
Tommy Field,TEX,2B,14.0,41.0,6.0,8.0,1.0,0.0,2.0,5.0,1.0,0.0,2.0,16.0,1.0,0.0,1.0,0.195,0.25,0.366,0.616
Phil Gosselin,ATL,2B,20.0,40.0,2.0,13.0,4.0,0.0,0.0,2.0,2.0,0.0,2.0,5.0,0.0,0.0,0.0,0.325,0.357,0.425,0.782
Trea Turner,WAS,SS,27.0,40.0,5.0,9.0,1.0,0.0,1.0,1.0,2.0,2.0,4.0,12.0,0.0,0.0,0.0,0.225,0.295,0.325,0.62
Domingo Santana,HOU,OF,14.0,39.0,6.0,10.0,2.0,0.0,2.0,8.0,2.0,1.0,2.0,17.0,0.0,0.0,1.0,0.256,0.31,0.462,0.772
Trevor Brown,SF,C,13.0,39.0,1.0,9.0,3.0,0.0,0.0,5.0,1.0,1.0,3.0,8.0,0.0,1.0,0.0,0.231,0.279,0.308,0.587
Juan C. Perez,SF,OF,22.0,39.0,5.0,11.0,3.0,0.0,0.0,2.0,1.0,0.0,1.0,6.0,0.0,0.0,0.0,0.282,0.3,0.359,0.659
Jose Tabata,PIT,OF,27.0,38.0,2.0,11.0,0.0,0.0,0.0,4.0,0.0,1.0,2.0,7.0,0.0,0.0,1.0,0.289,0.341,0.289,0.63
Josh Wilson,DET,OF,21.0,38.0,4.0,12.0,3.0,0.0,0.0,5.0,0.0,0.0,0.0,15.0,1.0,0.0,2.0,0.316,0.35,0.395,0.745
Kyle Kubitza,LAA,3B,19.0,36.0,6.0,7.0,0.0,0.0,0.0,1.0,0.0,0.0,3.0,15.0,0.0,0.0,0.0,0.194,0.256,0.194,0.45
Scott Schebler,LAD,OF,19.0,36.0,6.0,9.0,0.0,0.0,3.0,4.0,2.0,1.0,3.0,13.0,0.0,0.0,1.0,0.25,0.325,0.5,0.825
Tom Murphy,COL,C,11.0,35.0,5.0,9.0,1.0,0.0,3.0,9.0,0.0,0.0,4.0,10.0,0.0,0.0,0.0,0.257,0.333,0.543,0.876
Marc Krauss,LAA,1B,11.0,35.0,2.0,5.0,2.0,0.0,1.0,5.0,0.0,0.0,3.0,11.0,0.0,0.0,0.0,0.143,0.211,0.286,0.497
Paul Janish,BAL,SS,14.0,35.0,4.0,10.0,3.0,0.0,0.0,3.0,0.0,0.0,0.0,3.0,0.0,1.0,0.0,0.286,0.278,0.371,0.649
Luke Maile,TB,C,15.0,35.0,2.0,6.0,3.0,0.0,0.0,2.0,0.0,0.0,0.0,8.0,0.0,0.0,0.0,0.171,0.171,0.257,0.428
Henry Urrutia,BAL,OF,10.0,34.0,3.0,9.0,1.0,0.0,1.0,6.0,0.0,0.0,2.0,3.0,0.0,0.0,0.0,0.265,0.306,0.382,0.688
Socrates Brito,ARI,OF,18.0,33.0,5.0,10.0,3.0,1.0,0.0,1.0,1.0,0.0,1.0,7.0,0.0,0.0,0.0,0.303,0.324,0.455,0.779
Marc Krauss,DET,1B,12.0,33.0,1.0,5.0,0.0,0.0,1.0,2.0,0.0,0.0,0.0,13.0,0.0,0.0,0.0,0.152,0.152,0.242,0.394
Hernan Perez,DET,2B,22.0,33.0,1.0,2.0,0.0,0.0,0.0,0.0,1.0,0.0,1.0,11.0,0.0,0.0,0.0,0.061,0.088,0.061,0.149
Rob Brantly,CWS,C,14.0,33.0,3.0,4.0,1.0,0.0,1.0,6.0,0.0,0.0,2.0,8.0,0.0,1.0,0.0,0.121,0.167,0.242,0.409
Mac Williamson,SF,OF,10.0,32.0,2.0,7.0,0.0,1.0,0.0,1.0,0.0,0.0,0.0,8.0,0.0,1.0,1.0,0.219,0.235,0.281,0.516
John Hicks,SEA,C,17.0,32.0,1.0,2.0,1.0,0.0,0.0,1.0,1.0,1.0,1.0,18.0,1.0,0.0,0.0,0.063,0.091,0.094,0.185
Ramon Flores,NYY,OF,12.0,32.0,3.0,7.0,1.0,0.0,0.0,0.0,0.0,0.0,0.0,4.0,1.0,0.0,0.0,0.219,0.219,0.25,0.469
Brett Hayes,CLE,C,14.0,32.0,4.0,5.0,0.0,0.0,3.0,6.0,0.0,0.0,3.0,7.0,1.0,0.0,0.0,0.156,0.229,0.438,0.667
Michael Saunders,TOR,OF,9.0,31.0,2.0,6.0,0.0,0.0,0.0,3.0,0.0,0.0,5.0,10.0,0.0,0.0,0.0,0.194,0.306,0.194,0.5
Allan Dykstra,TB,1B,13.0,31.0,3.0,4.0,0.0,0.0,1.0,4.0,0.0,0.0,6.0,12.0,0.0,0.0,1.0,0.129,0.289,0.226,0.515
Oscar Hernandez,ARI,C,18.0,31.0,4.0,5.0,1.0,0.0,0.0,1.0,0.0,0.0,3.0,15.0,1.0,0.0,1.0,0.161,0.257,0.194,0.451
Carson Blair,OAK,C,11.0,31.0,3.0,4.0,0.0,0.0,1.0,3.0,0.0,0.0,4.0,18.0,0.0,0.0,0.0,0.129,0.229,0.226,0.455
Ramon Cabrera,CIN,C,13.0,30.0,4.0,11.0,1.0,0.0,1.0,3.0,0.0,0.0,0.0,5.0,0.0,0.0,0.0,0.367,0.367,0.5,0.867
Zach Walters,CLE,OF,12.0,30.0,0.0,4.0,0.0,0.0,0.0,3.0,0.0,0.0,0.0,15.0,0.0,0.0,0.0,0.133,0.133,0.133,0.266
Danny Dorn,ARI,OF,23.0,30.0,0.0,5.0,1.0,0.0,0.0,3.0,0.0,0.0,2.0,10.0,0.0,0.0,0.0,0.167,0.219,0.2,0.419
Michael Martinez,CLE,2B,16.0,30.0,7.0,8.0,2.0,0.0,0.0,2.0,0.0,1.0,1.0,12.0,1.0,0.0,0.0,0.267,0.29,0.333,0.623
Jonny Gomes,KC,OF,12.0,30.0,2.0,5.0,2.0,0.0,0.0,4.0,0.0,0.0,3.0,14.0,0.0,1.0,0.0,0.167,0.235,0.233,0.468
Jarrod Saltalamacchia,MIA,C,9.0,29.0,3.0,2.0,1.0,0.0,1.0,1.0,0.0,0.0,4.0,12.0,0.0,0.0,0.0,0.069,0.182,0.207,0.389
Reynaldo Navarro,BAL,2B,10.0,29.0,5.0,8.0,2.0,0.0,1.0,3.0,0.0,0.0,0.0,3.0,1.0,0.0,0.0,0.276,0.276,0.448,0.724
Austin Barnes,LAD,C,20.0,29.0,4.0,6.0,2.0,0.0,0.0,1.0,1.0,0.0,6.0,6.0,1.0,0.0,1.0,0.207,0.361,0.276,0.637
Munenori Kawasaki,TOR,2B,23.0,28.0,6.0,6.0,2.0,0.0,0.0,2.0,0.0,1.0,4.0,6.0,2.0,0.0,0.0,0.214,0.313,0.286,0.599
Jaff Decker,PIT,OF,23.0,28.0,8.0,6.0,1.0,1.0,0.0,1.0,0.0,0.0,7.0,9.0,1.0,0.0,0.0,0.214,0.371,0.321,0.692
Ryan Lavarnway,BAL,C,10.0,28.0,1.0,3.0,1.0,0.0,0.0,0.0,0.0,0.0,4.0,7.0,0.0,0.0,0.0,0.107,0.219,0.143,0.362
Danny Muno,NYM,2B,17.0,27.0,2.0,4.0,1.0,0.0,0.0,0.0,1.0,0.0,4.0,11.0,1.0,0.0,0.0,0.148,0.258,0.185,0.443
Tomas Telis,MIA,C,17.0,27.0,1.0,4.0,0.0,0.0,0.0,0.0,0.0,0.0,1.0,3.0,0.0,0.0,1.0,0.148,0.207,0.148,0.355
Arismendy Alcantara,CHC,OF,11.0,26.0,5.0,2.0,0.0,0.0,0.0,1.0,1.0,0.0,5.0,11.0,1.0,0.0,0.0,0.077,0.226,0.077,0.303
Travis Snider,PIT,OF,18.0,26.0,1.0,5.0,3.0,0.0,1.0,8.0,0.0,0.0,3.0,10.0,0.0,0.0,0.0,0.192,0.276,0.423,0.699
Andrew Lambo,PIT,OF,20.0,25.0,1.0,1.0,1.0,0.0,0.0,0.0,0.0,0.0,2.0,8.0,0.0,0.0,0.0,0.04,0.111,0.08,0.191
Slade Heathcott,NYY,OF,17.0,25.0,6.0,10.0,2.0,0.0,2.0,8.0,0.0,1.0,2.0,5.0,0.0,1.0,0.0,0.4,0.429,0.72,1.149
Ryan LaMarre,CIN,OF,21.0,25.0,2.0,2.0,0.0,0.0,0.0,0.0,0.0,0.0,0.0,9.0,1.0,0.0,0.0,0.08,0.08,0.08,0.16
Welington Castillo,SEA,C,6.0,25.0,3.0,4.0,0.0,0.0,0.0,2.0,0.0,0.0,1.0,5.0,0.0,2.0,0.0,0.16,0.179,0.16,0.339
Pedro Florimon,PIT,SS,24.0,23.0,5.0,2.0,0.0,1.0,0.0,1.0,1.0,0.0,2.0,12.0,0.0,0.0,0.0,0.087,0.16,0.174,0.334
Darwin Barney,TOR,2B,15.0,23.0,4.0,7.0,1.0,0.0,2.0,4.0,0.0,0.0,1.0,2.0,2.0,0.0,0.0,0.304,0.333,0.609,0.942
Chris Dominguez,CIN,OF,14.0,23.0,2.0,6.0,1.0,1.0,1.0,3.0,0.0,0.0,0.0,12.0,0.0,0.0,0.0,0.261,0.261,0.522,0.783
Kirk Nieuwenhuis,LAA,OF,10.0,22.0,4.0,3.0,2.0,0.0,0.0,1.0,0.0,1.0,2.0,9.0,0.0,0.0,0.0,0.136,0.208,0.227,0.435
Nick Noonan,SF,SS,14.0,22.0,2.0,2.0,1.0,0.0,1.0,3.0,0.0,0.0,2.0,8.0,0.0,0.0,0.0,0.091,0.167,0.273,0.44
Eric Fryer,MIN,C,15.0,22.0,2.0,5.0,2.0,0.0,0.0,2.0,0.0,0.0,5.0,11.0,0.0,0.0,0.0,0.227,0.37,0.318,0.688
Reed Johnson,WAS,OF,17.0,22.0,0.0,5.0,1.0,0.0,0.0,3.0,0.0,0.0,0.0,6.0,0.0,1.0,1.0,0.227,0.25,0.273,0.523
Cody Ross,OAK,OF,9.0,22.0,3.0,2.0,0.0,0.0,0.0,3.0,0.0,0.0,3.0,6.0,0.0,0.0,0.0,0.091,0.2,0.091,0.291
Steven Moya,DET,OF,9.0,22.0,1.0,4.0,0.0,1.0,0.0,0.0,0.0,0.0,3.0,10.0,0.0,0.0,0.0,0.182,0.28,0.273,0.553
Jose Peraza,LAD,SS,7.0,22.0,3.0,4.0,1.0,1.0,0.0,1.0,3.0,0.0,2.0,2.0,1.0,0.0,0.0,0.182,0.25,0.318,0.568
Erik Kratz,PHI,C,12.0,22.0,3.0,5.0,2.0,0.0,0.0,2.0,0.0,0.0,1.0,3.0,0.0,0.0,0.0,0.227,0.261,0.318,0.579
Junior Lake,BAL,OF,8.0,22.0,2.0,3.0,3.0,0.0,0.0,0.0,0.0,0.0,0.0,9.0,0.0,0.0,0.0,0.136,0.136,0.273,0.409
Drew Stubbs,TEX,OF,27.0,21.0,6.0,2.0,1.0,0.0,0.0,0.0,3.0,0.0,5.0,10.0,0.0,0.0,0.0,0.095,0.269,0.143,0.412
Mason Williams,NYY,OF,8.0,21.0,3.0,6.0,3.0,0.0,1.0,3.0,0.0,0.0,1.0,3.0,0.0,0.0,0.0,0.286,0.318,0.571,0.889
Juan Centeno,MIL,C,10.0,21.0,0.0,1.0,1.0,0.0,0.0,0.0,0.0,0.0,2.0,7.0,0.0,0.0,0.0,0.048,0.13,0.095,0.225
Stefen Romero,SEA,OF,13.0,21.0,6.0,4.0,1.0,0.0,1.0,3.0,0.0,0.0,3.0,6.0,0.0,0.0,0.0,0.19,0.292,0.381,0.673
Drew Butera,LAA,C,10.0,21.0,3.0,4.0,0.0,0.0,0.0,0.0,0.0,1.0,0.0,2.0,0.0,0.0,0.0,0.19,0.19,0.19,0.38
Nevin Ashley,MIL,C,12.0,20.0,2.0,2.0,1.0,0.0,0.0,1.0,0.0,0.0,0.0,8.0,0.0,0.0,1.0,0.1,0.143,0.15,0.293
Jhonatan Solano,MIA,C,7.0,20.0,1.0,1.0,1.0,0.0,0.0,2.0,0.0,0.0,1.0,1.0,0.0,0.0,0.0,0.05,0.095,0.1,0.195
Tyler Holt,CLE,OF,9.0,20.0,2.0,2.0,0.0,0.0,0.0,0.0,0.0,0.0,1.0,9.0,0.0,0.0,0.0,0.1,0.143,0.1,0.243
Jesus Aguilar,CLE,1B,7.0,19.0,0.0,6.0,1.0,0.0,0.0,2.0,0.0,0.0,0.0,7.0,0.0,0.0,1.0,0.316,0.35,0.368,0.718
Tyler Ladendorf,OAK,2B,9.0,17.0,3.0,4.0,0.0,1.0,0.0,2.0,0.0,0.0,1.0,2.0,0.0,0.0,0.0,0.235,0.278,0.353,0.631
Chase d'Arnaud,PHI,2B,11.0,17.0,2.0,3.0,0.0,1.0,0.0,0.0,0.0,1.0,1.0,7.0,0.0,0.0,0.0,0.176,0.222,0.294,0.516
L.J. Hoes,HOU,OF,8.0,15.0,1.0,4.0,0.0,0.0,0.0,1.0,0.0,0.0,1.0,3.0,0.0,0.0,0.0,0.267,0.313,0.267,0.58
Jamie Romak,ARI,OF,12.0,15.0,2.0,5.0,2.0,0.0,0.0,1.0,0.0,0.0,1.0,6.0,0.0,0.0,0.0,0.333,0.375,0.467,0.842
Max Stassi,HOU,C,11.0,15.0,4.0,6.0,0.0,0.0,1.0,2.0,0.0,0.0,1.0,5.0,1.0,0.0,0.0,0.4,0.438,0.6,1.038
Mike Olt,CHC,3B,6.0,15.0,1.0,2.0,0.0,0.0,1.0,1.0,0.0,0.0,0.0,6.0,0.0,0.0,1.0,0.133,0.188,0.333,0.521
Luis Jimenez,MIL,3B,15.0,15.0,1.0,1.0,0.0,0.0,0.0,0.0,0.0,0.0,1.0,6.0,0.0,0.0,0.0,0.067,0.125,0.067,0.192
Taylor Teagarden,CHC,C,8.0,15.0,0.0,3.0,0.0,0.0,0.0,2.0,0.0,0.0,0.0,4.0,0.0,0.0,0.0,0.2,0.2,0.2,0.4
Yadiel Rivera,MIL,SS,7.0,14.0,0.0,1.0,0.0,0.0,0.0,0.0,0.0,0.0,0.0,4.0,1.0,0.0,0.0,0.071,0.071,0.071,0.142
Leury Garcia,CWS,OF,18.0,14.0,0.0,3.0,0.0,0.0,0.0,1.0,1.0,0.0,1.0,7.0,0.0,0.0,0.0,0.214,0.267,0.214,0.481
Jonathan Diaz,TOR,SS,7.0,13.0,1.0,2.0,0.0,0.0,0.0,2.0,0.0,0.0,1.0,3.0,1.0,0.0,1.0,0.154,0.267,0.154,0.421
Wil Nieves,SD,C,6.0,13.0,1.0,1.0,0.0,0.0,1.0,4.0,0.0,0.0,1.0,4.0,0.0,0.0,0.0,0.077,0.143,0.308,0.451
Reid Brignac,MIA,3B,17.0,13.0,2.0,1.0,0.0,0.0,0.0,0.0,0.0,0.0,3.0,5.0,1.0,0.0,0.0,0.077,0.25,0.077,0.327
Alex Presley,HOU,OF,8.0,12.0,1.0,3.0,0.0,0.0,0.0,1.0,0.0,0.0,1.0,5.0,0.0,0.0,0.0,0.25,0.308,0.25,0.558
Ryan Lollis,SF,OF,5.0,12.0,0.0,2.0,0.0,0.0,0.0,0.0,1.0,0.0,1.0,1.0,0.0,0.0,0.0,0.167,0.231,0.167,0.398
Matt Hague,TOR,1B,10.0,12.0,1.0,3.0,1.0,0.0,0.0,0.0,0.0,0.0,2.0,4.0,0.0,0.0,1.0,0.25,0.4,0.333,0.733
Kevin Frandsen,SF,1B,7.0,11.0,1.0,2.0,0.0,0.0,0.0,0.0,0.0,0.0,1.0,3.0,1.0,0.0,0.0,0.182,0.25,0.182,0.432
Cody Decker,SD,1B,8.0,11.0,0.0,0.0,0.0,0.0,0.0,1.0,0.0,0.0,0.0,5.0,0.0,1.0,0.0,0.0,0.0,0.0,0.0
Tyler Holt,CIN,OF,5.0,11.0,2.0,1.0,0.0,0.0,0.0,0.0,1.0,0.0,2.0,2.0,0.0,0.0,0.0,0.091,0.231,0.091,0.322
Tomas Telis,TEX,C,6.0,11.0,1.0,2.0,0.0,0.0,0.0,2.0,0.0,0.0,0.0,1.0,0.0,0.0,1.0,0.182,0.25,0.182,0.432
Wilmer Difo,WAS,2B,15.0,11.0,1.0,2.0,0.0,0.0,0.0,0.0,0.0,0.0,0.0,2.0,0.0,0.0,0.0,0.182,0.182,0.182,0.364
Steve Baron,SEA,C,4.0,11.0,0.0,0.0,0.0,0.0,0.0,0.0,0.0,0.0,0.0,2.0,0.0,0.0,0.0,0.0,0.0,0.0,0.0
Cody Stanley,STL,C,9.0,10.0,2.0,4.0,1.0,0.0,0.0,3.0,0.0,0.0,0.0,3.0,0.0,0.0,0.0,0.4,0.4,0.5,0.9
Steve Lombardozzi,PIT,2B,12.0,10.0,1.0,0.0,0.0,0.0,0.0,0.0,0.0,0.0,1.0,4.0,0.0,0.0,0.0,0.0,0.091,0.0,0.091
Marc Krauss,TB,1B,4.0,10.0,0.0,1.0,1.0,0.0,0.0,1.0,0.0,0.0,0.0,7.0,0.0,0.0,0.0,0.1,0.1,0.2,0.3
Jorge Polanco,MIN,SS,4.0,10.0,1.0,3.0,0.0,0.0,0.0,1.0,1.0,0.0,2.0,1.0,0.0,0.0,0.0,0.3,0.417,0.3,0.717
Peter O'Brien,ARI,1B,8.0,10.0,1.0,4.0,1.0,0.0,1.0,3.0,0.0,0.0,2.0,5.0,0.0,0.0,0.0,0.4,0.5,0.8,1.3
Rocky Gale,SD,C,11.0,10.0,0.0,1.0,0.0,0.0,0.0,0.0,0.0,0.0,0.0,1.0,0.0,0.0,0.0,0.1,0.1,0.1,0.2
Jackson Williams,SF,C,7.0,10.0,1.0,2.0,1.0,0.0,0.0,1.0,1.0,0.0,4.0,1.0,0.0,0.0,0.0,0.2,0.429,0.3,0.729
Jemile Weeks,BOS,2B,3.0,9.0,1.0,3.0,0.0,0.0,0.0,1.0,0.0,0.0,0.0,2.0,0.0,0.0,0.0,0.333,0.333,0.333,0.666
Christian Walker,BAL,1B,7.0,9.0,0.0,1.0,0.0,0.0,0.0,0.0,0.0,0.0,3.0,4.0,0.0,0.0,0.0,0.111,0.333,0.111,0.444
Jason Pridie,OAK,OF,6.0,9.0,0.0,0.0,0.0,0.0,0.0,0.0,0.0,0.0,1.0,4.0,0.0,0.0,0.0,0.0,0.1,0.0,0.1
Ryan Jackson,LAA,2B,22.0,9.0,0.0,0.0,0.0,0.0,0.0,0.0,0.0,0.0,1.0,5.0,4.0,0.0,0.0,0.0,0.1,0.0,0.1
Tony Sanchez,PIT,C,3.0,8.0,2.0,3.0,0.0,0.0,0.0,0.0,0.0,0.0,1.0,3.0,0.0,0.0,0.0,0.375,0.444,0.375,0.819
Matt Duffy,HOU,3B,8.0,8.0,0.0,3.0,1.0,0.0,0.0,3.0,0.0,0.0,1.0,2.0,0.0,0.0,0.0,0.375,0.444,0.5,0.944
Cole Figueroa,NYY,2B,2.0,8.0,2.0,2.0,2.0,0.0,0.0,0.0,0.0,0.0,0.0,0.0,0.0,0.0,0.0,0.25,0.25,0.5,0.75
Eric Young Jr.,NYM,OF,18.0,8.0,9.0,0.0,0.0,0.0,0.0,0.0,3.0,2.0,0.0,1.0,0.0,0.0,1.0,0.0,0.111,0.0,0.111
Alex Dickerson,SD,OF,11.0,8.0,0.0,2.0,0.0,0.0,0.0,0.0,0.0,0.0,0.0,3.0,0.0,0.0,0.0,0.25,0.25,0.25,0.5
Brent Morel,PIT,3B,3.0,7.0,1.0,2.0,1.0,0.0,0.0,1.0,0.0,0.0,0.0,3.0,0.0,0.0,0.0,0.286,0.286,0.429,0.715
Francisco Pena,KC,C,8.0,7.0,0.0,1.0,0.0,0.0,0.0,0.0,0.0,0.0,0.0,3.0,0.0,0.0,0.0,0.143,0.143,0.143,0.286
Max Kepler,MIN,OF,3.0,7.0,0.0,1.0,0.0,0.0,0.0,0.0,0.0,0.0,0.0,3.0,0.0,0.0,0.0,0.143,0.143,0.143,0.286
Ronald Torreyes,LAD,2B,8.0,6.0,1.0,2.0,1.0,0.0,0.0,1.0,0.0,0.0,1.0,1.0,1.0,0.0,0.0,0.333,0.429,0.5,0.929
Michael Reed,MIL,OF,7.0,6.0,2.0,2.0,1.0,0.0,0.0,0.0,0.0,0.0,0.0,3.0,0.0,0.0,0.0,0.333,0.333,0.5,0.833
Alfredo Marte,LAA,OF,5.0,6.0,0.0,2.0,0.0,0.0,0.0,0.0,0.0,0.0,1.0,1.0,0.0,0.0,1.0,0.333,0.5,0.333,0.833
Andy Parrino,OAK,SS,17.0,6.0,1.0,0.0,0.0,0.0,0.0,0.0,0.0,0.0,2.0,5.0,0.0,0.0,0.0,0.0,0.25,0.0,0.25
Ed Easley,STL,C,4.0,6.0,0.0,0.0,0.0,0.0,0.0,1.0,0.0,0.0,0.0,1.0,0.0,1.0,0.0,0.0,0.0,0.0,0.0
Carlos Peguero,BOS,OF,4.0,5.0,1.0,1.0,0.0,0.0,0.0,0.0,0.0,0.0,1.0,1.0,0.0,0.0,0.0,0.2,0.333,0.2,0.533
Dusty Coleman,KC,SS,4.0,5.0,0.0,0.0,0.0,0.0,0.0,0.0,0.0,0.0,0.0,3.0,0.0,0.0,0.0,0.0,0.0,0.0,0.0
Bryan Anderson,OAK,C,4.0,5.0,0.0,2.0,0.0,0.0,0.0,1.0,0.0,0.0,1.0,1.0,1.0,1.0,0.0,0.4,0.429,0.4,0.829
Doug Bernier,MIN,2B,4.0,5.0,1.0,1.0,1.0,0.0,0.0,2.0,0.0,0.0,1.0,3.0,0.0,0.0,0.0,0.2,0.333,0.4,0.733
Travis Ishikawa,SF,1B,6.0,5.0,1.0,0.0,0.0,0.0,0.0,0.0,0.0,0.0,1.0,3.0,0.0,0.0,0.0,0.0,0.167,0.0,0.167
Gorkys Hernandez,PIT,OF,8.0,5.0,0.0,0.0,0.0,0.0,0.0,0.0,1.0,0.0,0.0,0.0,0.0,0.0,0.0,0.0,0.0,0.0,0.0
Erik Kratz,KC,C,4.0,4.0,0.0,0.0,0.0,0.0,0.0,1.0,0.0,0.0,0.0,2.0,0.0,1.0,0.0,0.0,0.0,0.0,0.0
Garin Cecchini,BOS,3B,2.0,4.0,0.0,0.0,0.0,0.0,0.0,0.0,0.0,0.0,0.0,3.0,0.0,0.0,0.0,0.0,0.0,0.0,0.0
Jordany Valdespin,MIA,OF,2.0,4.0,0.0,0.0,0.0,0.0,0.0,0.0,0.0,0.0,0.0,1.0,0.0,0.0,0.0,0.0,0.0,0.0,0.0
Jordan Danks,PHI,OF,4.0,4.0,0.0,0.0,0.0,0.0,0.0,0.0,0.0,0.0,0.0,2.0,0.0,0.0,0.0,0.0,0.0,0.0,0.0
Darwin Barney,LAD,2B,2.0,4.0,0.0,0.0,0.0,0.0,0.0,0.0,0.0,0.0,0.0,0.0,0.0,0.0,0.0,0.0,0.0,0.0,0.0
Pedro Severino,WAS,C,2.0,4.0,1.0,1.0,1.0,0.0,0.0,0.0,0.0,0.0,0.0,1.0,0.0,0.0,0.0,0.25,0.25,0.5,0.75
Adam Moore,CLE,C,1.0,4.0,0.0,1.0,0.0,0.0,0.0,1.0,0.0,0.0,0.0,2.0,0.0,0.0,0.0,0.25,0.25,0.25,0.5
Orlando Calixte,KC,OF,2.0,3.0,1.0,0.0,0.0,0.0,0.0,0.0,0.0,0.0,0.0,0.0,0.0,0.0,0.0,0.0,0.0,0.0,0.0
Ryan Brett,TB,2B,3.0,3.0,0.0,2.0,1.0,0.0,0.0,0.0,0.0,0.0,1.0,0.0,0.0,0.0,0.0,0.667,0.75,1.0,1.75
Daniel Fields,DET,OF,1.0,3.0,1.0,1.0,1.0,0.0,0.0,0.0,0.0,0.0,0.0,2.0,0.0,0.0,0.0,0.333,0.333,0.667,1.0
Emmanuel Burriss,WAS,2B,5.0,3.0,2.0,2.0,0.0,0.0,0.0,0.0,0.0,0.0,2.0,0.0,0.0,0.0,0.0,0.667,0.8,0.667,1.467
Terrance Gore,KC,OF,9.0,3.0,1.0,0.0,0.0,0.0,0.0,0.0,3.0,0.0,0.0,1.0,0.0,0.0,1.0,0.0,0.25,0.0,0.25
Keon Broxton,PIT,OF,7.0,2.0,3.0,0.0,0.0,0.0,0.0,0.0,1.0,1.0,0.0,1.0,0.0,0.0,0.0,0.0,0.0,0.0,0.0
Austin Romine,NYY,C,1.0,2.0,0.0,0.0,0.0,0.0,0.0,0.0,0.0,0.0,0.0,0.0,0.0,0.0,0.0,0.0,0.0,0.0,0.0
Rico Noel,NYY,OF,15.0,2.0,5.0,1.0,0.0,0.0,0.0,0.0,5.0,2.0,0.0,0.0,0.0,0.0,0.0,0.5,0.5,0.5,1.0
Travis Tartamella,STL,C,3.0,2.0,0.0,1.0,0.0,0.0,0.0,0.0,0.0,0.0,0.0,0.0,0.0,0.0,0.0,0.5,0.5,0.5,1.0
Jeff Bianchi,BOS,3B,3.0,2.0,0.0,0.0,0.0,0.0,0.0,0.0,0.0,0.0,0.0,0.0,0.0,0.0,0.0,0.0,0.0,0.0,0.0
Gerald Laird,ARI,C,1.0,2.0,0.0,0.0,0.0,0.0,0.0,0.0,0.0,0.0,0.0,0.0,0.0,0.0,0.0,0.0,0.0,0.0,0.0
Elias Diaz,PIT,C,2.0,2.0,0.0,0.0,0.0,0.0,0.0,0.0,0.0,0.0,0.0,1.0,0.0,0.0,0.0,0.0,0.0,0.0,0.0
Gary Sanchez,NYY,C,2.0,2.0,0.0,0.0,0.0,0.0,0.0,0.0,0.0,0.0,0.0,1.0,0.0,0.0,0.0,0.0,0.0,0.0,0.0
Jett Bandy,LAA,C,2.0,2.0,1.0,1.0,0.0,0.0,1.0,1.0,0.0,0.0,0.0,0.0,0.0,0.0,0.0,0.5,0.5,2.0,2.5
