Player,Team,G,GS,CG,SHO,IP,H,ER,K,BB,HR,W,L,SV,BS,HLD,ERA,WHIP
Chris Sale,BOS,32.0,32.0,1.0,0.0,214.1,165.0,69.0,308.0,43.0,24.0,17.0,8.0,0.0,0.0,0.0,2.9,0.97
Ervin Santana,MIN,33.0,33.0,5.0,3.0,211.1,177.0,77.0,167.0,61.0,31.0,16.0,8.0,0.0,0.0,0.0,3.28,1.13
Jeff Samardzija,SF,32.0,32.0,1.0,1.0,207.2,204.0,102.0,205.0,32.0,30.0,9.0,15.0,0.0,0.0,0.0,4.42,1.14
Carlos Martinez,STL,32.0,32.0,2.0,2.0,205.0,179.0,83.0,217.0,71.0,27.0,12.0,11.0,0.0,0.0,0.0,3.64,1.22
Corey Kluber,CLE,29.0,29.0,5.0,3.0,203.2,141.0,51.0,265.0,36.0,21.0,18.0,4.0,0.0,0.0,0.0,2.25,0.87
Rick Porcello,BOS,33.0,33.0,2.0,0.0,203.1,236.0,105.0,181.0,48.0,38.0,11.0,17.0,0.0,0.0,0.0,4.65,1.4
Gerrit Cole,PIT,33.0,33.0,0.0,0.0,203.0,199.0,96.0,196.0,55.0,31.0,12.0,12.0,0.0,0.0,0.0,4.26,1.25
Zack Greinke,ARI,32.0,32.0,1.0,0.0,202.1,172.0,72.0,215.0,45.0,25.0,17.0,7.0,0.0,0.0,0.0,3.2,1.07
Jacob deGrom,NYM,31.0,31.0,1.0,0.0,201.1,180.0,79.0,239.0,59.0,28.0,15.0,10.0,0.0,0.0,0.0,3.53,1.19
Chris Archer,TB,34.0,34.0,0.0,0.0,201.0,193.0,91.0,249.0,60.0,27.0,10.0,12.0,0.0,0.0,0.0,4.07,1.26
Marcus Stroman,TOR,33.0,33.0,2.0,0.0,201.0,201.0,69.0,164.0,62.0,21.0,13.0,9.0,0.0,0.0,0.0,3.09,1.31
Gio Gonzalez,WAS,32.0,32.0,0.0,0.0,201.0,158.0,66.0,188.0,79.0,21.0,15.0,9.0,0.0,0.0,0.0,2.96,1.18
Max Scherzer,WAS,31.0,31.0,2.0,0.0,200.2,126.0,56.0,268.0,55.0,22.0,16.0,6.0,0.0,0.0,0.0,2.51,0.9
Carlos Carrasco,CLE,32.0,32.0,1.0,0.0,200.0,173.0,73.0,226.0,46.0,21.0,18.0,6.0,0.0,0.0,0.0,3.29,1.1
Clayton Richard,SD,32.0,32.0,2.0,1.0,197.1,240.0,105.0,151.0,59.0,24.0,8.0,15.0,0.0,0.0,0.0,4.79,1.52
Luis Severino,NYY,31.0,31.0,0.0,0.0,193.1,150.0,64.0,230.0,51.0,21.0,14.0,6.0,0.0,0.0,0.0,2.98,1.04
Zach Davies,MIL,33.0,33.0,0.0,0.0,191.1,204.0,83.0,124.0,55.0,20.0,17.0,9.0,0.0,0.0,0.0,3.9,1.35
R.A. Dickey,ATL,31.0,31.0,0.0,0.0,190.0,193.0,90.0,136.0,67.0,26.0,10.0,10.0,0.0,0.0,0.0,4.26,1.37
Patrick Corbin,ARI,33.0,32.0,0.0,0.0,189.2,208.0,85.0,178.0,61.0,26.0,14.0,13.0,0.0,0.0,0.0,4.03,1.42
Julio Teheran,ATL,32.0,32.0,0.0,0.0,188.1,186.0,94.0,151.0,72.0,31.0,11.0,13.0,0.0,0.0,0.0,4.49,1.37
Ivan Nova,PIT,31.0,31.0,2.0,1.0,187.0,203.0,86.0,131.0,36.0,29.0,11.0,14.0,0.0,0.0,0.0,4.14,1.28
Kevin Gausman,BAL,34.0,34.0,0.0,0.0,186.2,208.0,97.0,179.0,71.0,29.0,11.0,12.0,0.0,0.0,0.0,4.68,1.49
Lance Lynn,STL,33.0,33.0,0.0,0.0,186.1,151.0,71.0,153.0,78.0,27.0,11.0,8.0,0.0,0.0,0.0,3.43,1.23
Marco Estrada,TOR,33.0,33.0,0.0,0.0,186.0,186.0,103.0,176.0,71.0,31.0,10.0,9.0,0.0,0.0,0.0,4.98,1.38
Martin Perez,TEX,32.0,32.0,0.0,0.0,185.0,221.0,99.0,115.0,63.0,23.0,13.0,12.0,0.0,0.0,0.0,4.82,1.54
Dan Straily,MIA,33.0,33.0,0.0,0.0,181.2,176.0,86.0,170.0,60.0,31.0,10.0,9.0,0.0,0.0,0.0,4.26,1.3
Tanner Roark,WAS,32.0,30.0,0.0,0.0,181.1,178.0,94.0,166.0,64.0,23.0,13.0,11.0,0.0,0.0,0.0,4.67,1.33
Ricky Nolasco,LAA,33.0,33.0,1.0,1.0,181.0,205.0,99.0,143.0,58.0,35.0,6.0,15.0,0.0,0.0,0.0,4.92,1.45
Jon Lester,CHC,32.0,32.0,1.0,0.0,180.2,179.0,87.0,180.0,60.0,26.0,13.0,8.0,0.0,0.0,0.0,4.33,1.32
Jhoulys Chacin,SD,32.0,32.0,0.0,0.0,180.1,157.0,78.0,153.0,72.0,19.0,13.0,10.0,0.0,0.0,0.0,3.89,1.27
Jason Hammel,KC,32.0,32.0,0.0,0.0,180.1,209.0,106.0,145.0,48.0,26.0,8.0,13.0,0.0,0.0,0.0,5.29,1.43
Jason Vargas,KC,32.0,32.0,1.0,1.0,179.2,181.0,83.0,134.0,58.0,27.0,18.0,11.0,0.0,0.0,0.0,4.16,1.33
Alex Cobb,TB,29.0,29.0,0.0,0.0,179.1,175.0,73.0,128.0,44.0,22.0,12.0,10.0,0.0,0.0,0.0,3.66,1.22
Masahiro Tanaka,NYY,30.0,30.0,1.0,1.0,178.1,180.0,94.0,194.0,41.0,35.0,13.0,12.0,0.0,0.0,0.0,4.74,1.24
Trevor Bauer,CLE,32.0,31.0,0.0,0.0,176.1,181.0,82.0,196.0,60.0,25.0,17.0,9.0,0.0,0.0,0.0,4.19,1.37
Jimmy Nelson,MIL,29.0,29.0,1.0,0.0,175.1,171.0,68.0,199.0,48.0,16.0,12.0,6.0,0.0,0.0,0.0,3.49,1.25
Stephen Strasburg,WAS,28.0,28.0,1.0,1.0,175.1,131.0,49.0,204.0,47.0,13.0,15.0,4.0,0.0,0.0,0.0,2.52,1.02
Clayton Kershaw,LAD,27.0,27.0,1.0,0.0,175.0,136.0,45.0,202.0,30.0,23.0,18.0,4.0,0.0,0.0,0.0,2.31,0.95
Matt Moore,SF,32.0,31.0,0.0,0.0,174.1,200.0,107.0,148.0,67.0,27.0,6.0,15.0,0.0,0.0,0.0,5.52,1.53
Drew Pomeranz,BOS,32.0,32.0,0.0,0.0,173.2,166.0,64.0,174.0,69.0,19.0,17.0,6.0,0.0,0.0,0.0,3.32,1.35
Justin Verlander,DET,28.0,28.0,0.0,0.0,172.0,153.0,73.0,176.0,67.0,23.0,10.0,8.0,0.0,0.0,0.0,3.82,1.28
John Lackey,CHC,31.0,30.0,0.0,0.0,170.2,165.0,87.0,149.0,53.0,36.0,12.0,12.0,0.0,0.0,0.0,4.59,1.28
Jose Urena,MIA,34.0,28.0,0.0,0.0,169.2,152.0,72.0,113.0,64.0,26.0,14.0,7.0,0.0,0.0,0.0,3.82,1.27
Dylan Bundy,BAL,28.0,28.0,1.0,1.0,169.2,152.0,80.0,152.0,51.0,26.0,13.0,9.0,0.0,0.0,0.0,4.24,1.2
Jake Arrieta,CHC,30.0,30.0,0.0,0.0,168.1,150.0,66.0,163.0,55.0,23.0,14.0,10.0,0.0,0.0,0.0,3.53,1.22
Aaron Nola,PHI,27.0,27.0,0.0,0.0,168.0,154.0,66.0,184.0,49.0,18.0,12.0,11.0,0.0,0.0,0.0,3.54,1.21
Andrew Cashner,TEX,28.0,28.0,0.0,0.0,166.2,156.0,63.0,86.0,64.0,15.0,11.0,11.0,0.0,0.0,0.0,3.4,1.32
Michael Wacha,STL,30.0,30.0,1.0,1.0,165.2,170.0,76.0,158.0,55.0,17.0,12.0,9.0,0.0,0.0,0.0,4.13,1.36
Michael Fulmer,DET,25.0,25.0,1.0,0.0,164.2,150.0,70.0,114.0,40.0,13.0,10.0,12.0,0.0,0.0,0.0,3.83,1.15
Ty Blach,SF,34.0,24.0,1.0,1.0,163.2,179.0,87.0,73.0,43.0,17.0,8.0,12.0,0.0,0.0,0.0,4.78,1.36
Luis Perdomo,SD,29.0,29.0,0.0,0.0,163.2,182.0,85.0,118.0,65.0,17.0,8.0,11.0,0.0,0.0,0.0,4.67,1.51
German Marquez,COL,29.0,29.0,0.0,0.0,162.0,174.0,79.0,147.0,49.0,25.0,11.0,7.0,0.0,0.0,0.0,4.39,1.38
Robbie Ray,ARI,28.0,28.0,1.0,1.0,162.0,116.0,52.0,218.0,71.0,23.0,15.0,5.0,0.0,0.0,0.0,2.89,1.15
Ariel Miranda,SEA,31.0,29.0,1.0,0.0,160.0,140.0,91.0,137.0,63.0,37.0,8.0,7.0,0.0,0.0,0.0,5.12,1.27
Jordan Zimmermann,DET,29.0,29.0,0.0,0.0,160.0,204.0,108.0,103.0,44.0,29.0,8.0,13.0,0.0,0.0,0.0,6.08,1.55
Sean Manaea,OAK,29.0,29.0,0.0,0.0,158.2,167.0,77.0,140.0,55.0,18.0,12.0,10.0,0.0,0.0,0.0,4.37,1.4
Kyle Gibson,MIN,29.0,29.0,0.0,0.0,158.0,182.0,89.0,121.0,60.0,24.0,12.0,10.0,0.0,0.0,0.0,5.07,1.53
Taijuan Walker,ARI,28.0,28.0,0.0,0.0,157.1,148.0,61.0,146.0,61.0,17.0,9.0,9.0,0.0,0.0,0.0,3.49,1.33
Wade Miley,BAL,32.0,32.0,0.0,0.0,157.1,179.0,98.0,142.0,93.0,25.0,8.0,15.0,0.0,0.0,0.0,5.61,1.73
Chad Kuhl,PIT,31.0,31.0,0.0,0.0,157.1,159.0,76.0,142.0,72.0,17.0,8.0,11.0,0.0,0.0,0.0,4.35,1.47
Kyle Freeland,COL,33.0,28.0,0.0,0.0,156.0,169.0,71.0,107.0,63.0,17.0,11.0,11.0,0.0,0.0,0.0,4.1,1.49
Jordan Montgomery,NYY,29.0,29.0,0.0,0.0,155.1,140.0,67.0,144.0,51.0,21.0,9.0,7.0,0.0,0.0,0.0,3.88,1.23
Zack Godley,ARI,26.0,25.0,0.0,0.0,155.0,124.0,58.0,165.0,53.0,15.0,8.0,9.0,0.0,0.0,0.0,3.37,1.14
Mike Foltynewicz,ATL,29.0,28.0,0.0,0.0,154.0,169.0,82.0,143.0,59.0,20.0,10.0,13.0,0.0,0.0,0.0,4.79,1.48
Ian Kennedy,KC,30.0,30.0,0.0,0.0,154.0,143.0,92.0,131.0,61.0,34.0,5.0,13.0,0.0,0.0,0.0,5.38,1.32
Mike Leake,STL,26.0,26.0,0.0,0.0,154.0,169.0,72.0,103.0,35.0,19.0,7.0,12.0,0.0,0.0,0.0,4.21,1.32
Mike Fiers,HOU,29.0,28.0,0.0,0.0,153.1,157.0,89.0,146.0,62.0,32.0,8.0,10.0,0.0,0.0,0.0,5.22,1.43
Alex Wood,LAD,27.0,25.0,0.0,0.0,152.1,123.0,46.0,151.0,38.0,15.0,16.0,3.0,0.0,0.0,1.0,2.72,1.06
Trevor Williams,PIT,31.0,25.0,0.0,0.0,150.1,145.0,68.0,117.0,52.0,14.0,7.0,9.0,0.0,0.0,0.0,4.07,1.31
CC Sabathia,NYY,27.0,27.0,0.0,0.0,148.2,139.0,61.0,120.0,50.0,21.0,14.0,5.0,0.0,0.0,0.0,3.69,1.27
Cole Hamels,TEX,24.0,24.0,1.0,0.0,148.0,125.0,69.0,105.0,53.0,18.0,11.0,6.0,0.0,0.0,0.0,4.2,1.2
Tyler Chatwood,COL,33.0,25.0,1.0,1.0,147.2,136.0,77.0,120.0,77.0,20.0,8.0,15.0,1.0,0.0,0.0,4.69,1.44
JC Ramirez,LAA,27.0,24.0,0.0,0.0,147.1,149.0,68.0,105.0,49.0,21.0,11.0,10.0,0.0,1.0,0.0,4.15,1.34
Johnny Cueto,SF,25.0,25.0,0.0,0.0,147.1,160.0,74.0,136.0,53.0,22.0,8.0,8.0,0.0,0.0,0.0,4.52,1.45
Charlie Morton,HOU,25.0,25.0,0.0,0.0,146.2,125.0,59.0,163.0,50.0,14.0,14.0,7.0,0.0,0.0,0.0,3.62,1.19
Danny Duffy,KC,24.0,24.0,0.0,0.0,146.1,143.0,62.0,130.0,41.0,13.0,9.0,10.0,0.0,0.0,0.0,3.81,1.26
Dallas Keuchel,HOU,23.0,23.0,1.0,0.0,145.2,116.0,47.0,125.0,47.0,15.0,14.0,5.0,0.0,0.0,0.0,2.9,1.12
Jose Berrios,MIN,26.0,25.0,0.0,0.0,145.2,131.0,63.0,139.0,48.0,15.0,14.0,8.0,0.0,0.0,0.0,3.89,1.23
J.A. Happ,TOR,25.0,25.0,0.0,0.0,145.1,145.0,57.0,142.0,46.0,18.0,10.0,11.0,0.0,0.0,0.0,3.53,1.31
Jake Odorizzi,TB,28.0,28.0,0.0,0.0,143.1,117.0,66.0,127.0,61.0,30.0,10.0,8.0,0.0,0.0,0.0,4.14,1.24
Ubaldo Jimenez,BAL,31.0,25.0,0.0,0.0,142.2,169.0,108.0,139.0,58.0,33.0,6.0,11.0,0.0,0.0,0.0,6.81,1.59
Chase Anderson,MIL,25.0,25.0,0.0,0.0,141.1,113.0,43.0,133.0,41.0,14.0,12.0,4.0,0.0,0.0,0.0,2.74,1.09
Josh Tomlin,CLE,26.0,26.0,1.0,0.0,141.0,166.0,78.0,109.0,14.0,23.0,10.0,9.0,0.0,0.0,0.0,4.98,1.28
Kyle Hendricks,CHC,24.0,24.0,0.0,0.0,139.2,126.0,47.0,123.0,40.0,17.0,7.0,5.0,0.0,0.0,0.0,3.03,1.19
Jesse Chavez,LAA,38.0,21.0,0.0,0.0,138.0,148.0,82.0,119.0,45.0,28.0,7.0,11.0,0.0,1.0,1.0,5.35,1.4
Eduardo Rodriguez,BOS,25.0,24.0,0.0,0.0,137.1,126.0,64.0,150.0,50.0,19.0,6.0,7.0,0.0,0.0,0.0,4.19,1.28
Yu Darvish,TEX,22.0,22.0,0.0,0.0,137.0,115.0,61.0,148.0,45.0,20.0,6.0,9.0,0.0,0.0,0.0,4.01,1.17
James Paxton,SEA,24.0,24.0,0.0,0.0,136.0,113.0,45.0,156.0,37.0,9.0,12.0,5.0,0.0,0.0,0.0,2.98,1.1
Rich Hill,LAD,25.0,25.0,1.0,0.0,135.2,99.0,50.0,166.0,49.0,18.0,12.0,8.0,0.0,0.0,0.0,3.32,1.09
Matt Boyd,DET,26.0,25.0,1.0,1.0,135.0,157.0,79.0,110.0,53.0,18.0,6.0,11.0,0.0,0.0,0.0,5.27,1.56
Derek Holland,CWS,29.0,26.0,0.0,0.0,135.0,156.0,93.0,104.0,75.0,31.0,7.0,14.0,0.0,0.0,0.0,6.2,1.71
Antonio Senzatela,COL,36.0,20.0,0.0,0.0,134.2,128.0,70.0,102.0,47.0,18.0,10.0,5.0,0.0,0.0,1.0,4.68,1.3
Kenta Maeda,LAD,29.0,25.0,0.0,0.0,134.1,121.0,63.0,140.0,34.0,22.0,13.0,6.0,1.0,0.0,0.0,4.22,1.15
Miguel Gonzalez,CWS,22.0,22.0,0.0,0.0,133.2,145.0,64.0,85.0,47.0,16.0,7.0,10.0,0.0,0.0,0.0,4.31,1.44
Jameson Taillon,PIT,25.0,25.0,0.0,0.0,133.2,152.0,66.0,125.0,46.0,11.0,8.0,7.0,0.0,0.0,0.0,4.44,1.48
Nick Pivetta,PHI,26.0,26.0,0.0,0.0,133.0,144.0,89.0,140.0,57.0,25.0,8.0,10.0,0.0,0.0,0.0,6.02,1.51
Brad Peacock,HOU,34.0,21.0,0.0,0.0,132.0,100.0,44.0,161.0,57.0,10.0,13.0,2.0,0.0,0.0,0.0,3.0,1.19
Mike Montgomery,CHC,44.0,14.0,0.0,0.0,130.2,103.0,49.0,100.0,55.0,10.0,7.0,8.0,3.0,0.0,1.0,3.38,1.21
Yovani Gallardo,SEA,28.0,22.0,0.0,0.0,130.2,138.0,83.0,94.0,60.0,24.0,5.0,10.0,1.0,0.0,0.0,5.72,1.52
Blake Snell,TB,24.0,24.0,0.0,0.0,129.1,113.0,58.0,119.0,59.0,15.0,5.0,7.0,0.0,0.0,0.0,4.04,1.33
Jharel Cotton,OAK,24.0,24.0,0.0,0.0,129.0,133.0,80.0,105.0,53.0,28.0,9.0,10.0,0.0,0.0,0.0,5.58,1.44
Jerad Eickhoff,PHI,24.0,24.0,0.0,0.0,128.0,142.0,67.0,118.0,53.0,16.0,4.0,8.0,0.0,0.0,0.0,4.71,1.52
Hyun-Jin Ryu,LAD,25.0,24.0,0.0,0.0,126.2,128.0,53.0,116.0,45.0,22.0,5.0,9.0,1.0,0.0,0.0,3.77,1.37
Matt Cain,SF,27.0,23.0,0.0,0.0,124.1,157.0,75.0,75.0,49.0,18.0,3.0,11.0,0.0,0.0,1.0,5.43,1.66
Adam Wainwright,STL,24.0,23.0,0.0,0.0,123.1,140.0,70.0,96.0,45.0,14.0,12.0,5.0,0.0,0.0,0.0,5.11,1.5
Tim Adleman,CIN,30.0,20.0,0.0,0.0,122.1,124.0,75.0,108.0,51.0,29.0,5.0,11.0,0.0,0.0,2.0,5.52,1.43
Mike Clevinger,CLE,27.0,21.0,0.0,0.0,121.2,92.0,42.0,137.0,60.0,13.0,12.0,6.0,0.0,0.0,0.0,3.11,1.25
Parker Bridwell,LAA,21.0,20.0,0.0,0.0,121.0,115.0,49.0,73.0,30.0,19.0,10.0,3.0,0.0,0.0,0.0,3.64,1.2
Mike Pelfrey,CWS,34.0,21.0,0.0,0.0,120.0,127.0,79.0,79.0,62.0,25.0,3.0,12.0,0.0,0.0,0.0,5.93,1.58
Joe Biagini,TOR,44.0,18.0,0.0,0.0,119.2,125.0,71.0,97.0,42.0,15.0,3.0,13.0,1.0,2.0,9.0,5.34,1.4
Robert Gsellman,NYM,25.0,22.0,1.0,0.0,119.2,138.0,69.0,82.0,42.0,17.0,8.0,7.0,0.0,1.0,1.0,5.19,1.5
Rafael Montero,NYM,34.0,18.0,0.0,0.0,119.0,141.0,73.0,114.0,67.0,12.0,5.0,11.0,0.0,0.0,0.0,5.52,1.75
Lance McCullers,HOU,22.0,22.0,0.0,0.0,118.2,114.0,56.0,132.0,40.0,8.0,7.0,4.0,0.0,0.0,0.0,4.25,1.3
James Shields,CWS,21.0,21.0,0.0,0.0,117.0,116.0,68.0,103.0,53.0,27.0,5.0,7.0,0.0,0.0,0.0,5.23,1.44
Matt Garza,MIL,24.0,22.0,0.0,0.0,114.2,121.0,63.0,79.0,45.0,17.0,6.0,9.0,0.0,0.0,0.0,4.94,1.45
Dinelson Lamet,SD,21.0,21.0,0.0,0.0,114.1,88.0,58.0,139.0,54.0,18.0,7.0,8.0,0.0,0.0,0.0,4.57,1.24
Jaime Garcia,ATL,18.0,18.0,0.0,0.0,113.0,108.0,54.0,85.0,41.0,12.0,4.0,7.0,0.0,0.0,0.0,4.3,1.32
Jeremy Hellickson,PHI,20.0,20.0,0.0,0.0,112.1,111.0,59.0,65.0,30.0,22.0,6.0,5.0,0.0,0.0,0.0,4.73,1.26
Scott Feldman,CIN,21.0,21.0,1.0,1.0,111.1,116.0,59.0,93.0,35.0,21.0,7.0,7.0,0.0,0.0,0.0,4.77,1.36
Nick Martinez,TEX,23.0,18.0,0.0,0.0,111.1,124.0,70.0,67.0,28.0,26.0,3.0,8.0,0.0,0.0,0.0,5.66,1.37
Madison Bumgarner,SF,17.0,17.0,1.0,0.0,111.0,101.0,41.0,101.0,20.0,17.0,4.0,9.0,0.0,0.0,0.0,3.32,1.09
Jon Gray,COL,20.0,20.0,0.0,0.0,110.1,113.0,45.0,112.0,30.0,10.0,10.0,4.0,0.0,0.0,0.0,3.67,1.3
Joe Musgrove,HOU,38.0,15.0,0.0,0.0,109.1,117.0,58.0,98.0,28.0,18.0,7.0,8.0,2.0,2.0,5.0,4.77,1.33
Anibal Sanchez,DET,28.0,17.0,0.0,0.0,105.1,139.0,75.0,104.0,29.0,26.0,3.0,7.0,0.0,0.0,0.0,6.41,1.59
Kendall Graveman,OAK,19.0,19.0,0.0,0.0,105.1,114.0,49.0,70.0,32.0,12.0,6.0,4.0,0.0,0.0,0.0,4.19,1.39
Jose Quintana,CWS,18.0,18.0,0.0,0.0,104.1,98.0,52.0,109.0,40.0,14.0,4.0,8.0,0.0,0.0,0.0,4.49,1.32
Danny Salazar,CLE,23.0,19.0,0.0,0.0,103.0,94.0,49.0,145.0,44.0,14.0,5.0,6.0,0.0,0.0,0.0,4.28,1.34
Adam Conley,MIA,22.0,20.0,0.0,0.0,102.2,114.0,70.0,72.0,42.0,19.0,8.0,8.0,0.0,0.0,0.0,6.14,1.52
Daniel Norris,DET,22.0,18.0,0.0,0.0,101.2,120.0,60.0,86.0,44.0,12.0,5.0,8.0,0.0,0.0,0.0,5.31,1.61
Seth Lugo,NYM,19.0,18.0,0.0,0.0,101.1,114.0,53.0,85.0,25.0,13.0,7.0,5.0,0.0,0.0,0.0,4.71,1.37
Sean Newcomb,ATL,19.0,19.0,0.0,0.0,100.0,100.0,48.0,108.0,57.0,10.0,4.0,9.0,0.0,0.0,0.0,4.32,1.57
Jeff Hoffman,COL,23.0,16.0,0.0,0.0,99.1,106.0,65.0,82.0,40.0,15.0,6.0,5.0,0.0,0.0,0.0,5.89,1.47
Jakob Junis,KC,20.0,16.0,0.0,0.0,98.1,101.0,47.0,80.0,25.0,15.0,9.0,3.0,0.0,0.0,0.0,4.3,1.28
Adalberto Mejia,MIN,21.0,21.0,0.0,0.0,98.0,110.0,49.0,85.0,44.0,13.0,4.0,7.0,0.0,0.0,0.0,4.5,1.57
Sonny Gray,OAK,16.0,16.0,0.0,0.0,97.0,84.0,37.0,94.0,30.0,8.0,6.0,5.0,0.0,0.0,0.0,3.43,1.18
Michael Pineda,NYY,17.0,17.0,0.0,0.0,96.1,103.0,47.0,92.0,21.0,20.0,8.0,4.0,0.0,0.0,0.0,4.39,1.29
Chris Tillman,BAL,24.0,19.0,0.0,0.0,93.0,125.0,81.0,63.0,51.0,24.0,1.0,7.0,0.0,0.0,0.0,7.84,1.89
Brandon McCarthy,LAD,19.0,16.0,0.0,0.0,92.2,89.0,41.0,72.0,27.0,5.0,6.0,4.0,0.0,0.0,0.0,3.98,1.25
Matt Harvey,NYM,19.0,18.0,0.0,0.0,92.2,110.0,69.0,67.0,47.0,21.0,5.0,7.0,0.0,0.0,0.0,6.7,1.69
Edinson Volquez,MIA,17.0,17.0,1.0,1.0,92.1,78.0,43.0,81.0,53.0,8.0,4.0,8.0,0.0,0.0,0.0,4.19,1.42
Yusmeiro Petit,LAA,60.0,1.0,0.0,0.0,91.1,69.0,28.0,101.0,18.0,9.0,5.0,2.0,4.0,1.0,14.0,2.76,0.95
Daniel Gossett,OAK,18.0,18.0,0.0,0.0,91.1,116.0,62.0,72.0,31.0,21.0,4.0,11.0,0.0,0.0,0.0,6.11,1.61
Homer Bailey,CIN,18.0,18.0,0.0,0.0,91.0,112.0,65.0,67.0,42.0,11.0,6.0,9.0,0.0,0.0,0.0,6.43,1.69
Mark Leiter,PHI,27.0,11.0,0.0,0.0,90.2,90.0,50.0,84.0,31.0,18.0,3.0,6.0,0.0,0.0,0.0,4.96,1.33
Doug Fister,BOS,18.0,15.0,1.0,0.0,90.1,87.0,49.0,83.0,38.0,9.0,5.0,9.0,0.0,0.0,0.0,4.88,1.38
Luis Castillo,CIN,15.0,15.0,0.0,0.0,89.1,64.0,31.0,98.0,32.0,11.0,3.0,7.0,0.0,0.0,0.0,3.12,1.07
Ben Lively,PHI,15.0,15.0,1.0,0.0,88.2,90.0,42.0,52.0,24.0,13.0,4.0,7.0,0.0,0.0,0.0,4.26,1.29
Sal Romano,CIN,16.0,16.0,0.0,0.0,87.0,91.0,43.0,73.0,37.0,9.0,5.0,8.0,0.0,0.0,0.0,4.45,1.47
Jake Faria,TB,16.0,14.0,0.0,0.0,86.2,71.0,33.0,84.0,31.0,11.0,5.0,4.0,0.0,0.0,0.0,3.43,1.18
Felix Hernandez,SEA,16.0,16.0,0.0,0.0,86.2,86.0,42.0,78.0,26.0,17.0,6.0,5.0,0.0,0.0,0.0,4.36,1.29
Zack Wheeler,NYM,17.0,17.0,0.0,0.0,86.1,97.0,50.0,81.0,40.0,15.0,3.0,7.0,0.0,0.0,0.0,5.21,1.59
Tyler Anderson,COL,17.0,15.0,0.0,0.0,86.0,88.0,46.0,81.0,26.0,16.0,6.0,6.0,0.0,0.0,0.0,4.81,1.33
Matt Andriese,TB,18.0,17.0,0.0,0.0,86.0,90.0,43.0,76.0,28.0,16.0,5.0,5.0,1.0,0.0,0.0,4.5,1.37
Tyler Skaggs,LAA,16.0,16.0,0.0,0.0,85.0,90.0,43.0,76.0,28.0,13.0,2.0,6.0,0.0,0.0,0.0,4.55,1.39
Chris Rusin,COL,60.0,0.0,0.0,0.0,85.0,75.0,25.0,71.0,19.0,9.0,5.0,1.0,2.0,1.0,13.0,2.65,1.11
Robert Stephenson,CIN,25.0,11.0,0.0,0.0,84.2,81.0,44.0,86.0,53.0,12.0,5.0,6.0,1.0,0.0,0.0,4.68,1.58
Jose Quintana,CHC,14.0,14.0,1.0,1.0,84.1,72.0,35.0,98.0,21.0,9.0,7.0,3.0,0.0,0.0,0.0,3.74,1.1
Michael Lorenzen,CIN,70.0,0.0,0.0,0.0,83.0,78.0,41.0,80.0,34.0,9.0,8.0,4.0,2.0,5.0,18.0,4.45,1.35
Austin Pruitt,TB,30.0,8.0,0.0,0.0,83.0,103.0,49.0,66.0,22.0,11.0,7.0,5.0,1.0,1.0,1.0,5.31,1.51
Alex Claudio,TEX,70.0,1.0,0.0,0.0,82.2,71.0,23.0,56.0,15.0,5.0,4.0,2.0,11.0,4.0,7.0,2.5,1.04
Francisco Liriano,TOR,18.0,18.0,0.0,0.0,82.2,91.0,54.0,74.0,43.0,11.0,6.0,5.0,0.0,0.0,0.0,5.88,1.62
Brent Suter,MIL,22.0,14.0,0.0,0.0,81.2,83.0,31.0,64.0,22.0,8.0,3.0,2.0,0.0,0.0,0.0,3.42,1.29
Chris Devenski,HOU,62.0,0.0,0.0,0.0,80.2,50.0,24.0,100.0,26.0,11.0,8.0,5.0,4.0,6.0,24.0,2.68,0.94
Craig Stammen,SD,60.0,0.0,0.0,0.0,80.1,68.0,28.0,74.0,28.0,12.0,2.0,3.0,0.0,2.0,11.0,3.14,1.2
Bartolo Colon,MIN,15.0,15.0,1.0,0.0,80.0,100.0,46.0,47.0,15.0,17.0,5.0,6.0,0.0,0.0,0.0,5.18,1.44
Brad Hand,SD,72.0,0.0,0.0,0.0,79.1,54.0,19.0,104.0,20.0,9.0,3.0,4.0,21.0,5.0,16.0,2.16,0.93
Mychal Givens,BAL,69.0,0.0,0.0,0.0,78.2,57.0,24.0,88.0,25.0,10.0,8.0,1.0,0.0,5.0,21.0,2.75,1.04
Dustin McGowan,MIA,63.0,0.0,0.0,0.0,77.2,77.0,41.0,64.0,27.0,13.0,8.0,2.0,0.0,3.0,3.0,4.75,1.34
Matt Shoemaker,LAA,14.0,14.0,0.0,0.0,77.2,73.0,39.0,69.0,28.0,15.0,6.0,3.0,0.0,0.0,0.0,4.52,1.3
Mike Minor,KC,65.0,0.0,0.0,0.0,77.2,57.0,22.0,88.0,22.0,5.0,6.0,6.0,6.0,3.0,17.0,2.55,1.02
Ryan Tepera,TOR,73.0,0.0,0.0,0.0,77.2,57.0,31.0,81.0,31.0,7.0,7.0,1.0,2.0,2.0,18.0,3.59,1.13
A.J. Griffin,TEX,18.0,15.0,1.0,1.0,77.1,76.0,51.0,61.0,28.0,20.0,6.0,6.0,0.0,0.0,0.0,5.94,1.34
Bryan Shaw,CLE,79.0,0.0,0.0,0.0,76.2,71.0,30.0,73.0,22.0,5.0,4.0,6.0,3.0,3.0,26.0,3.52,1.21
Raisel Iglesias,CIN,63.0,0.0,0.0,0.0,76.0,57.0,21.0,92.0,27.0,5.0,3.0,3.0,28.0,2.0,0.0,2.49,1.11
Corey Knebel,MIL,76.0,0.0,0.0,0.0,76.0,48.0,15.0,126.0,40.0,6.0,1.0,4.0,39.0,6.0,11.0,1.78,1.16
Felipe Vazquez,PIT,73.0,0.0,0.0,0.0,75.1,47.0,14.0,88.0,20.0,4.0,5.0,3.0,21.0,2.0,14.0,1.67,0.89
Hector Neris,PHI,74.0,0.0,0.0,0.0,74.2,68.0,25.0,86.0,26.0,9.0,4.0,5.0,26.0,3.0,4.0,3.01,1.26
David Price,BOS,16.0,11.0,0.0,0.0,74.2,65.0,28.0,76.0,24.0,8.0,6.0,3.0,0.0,0.0,1.0,3.38,1.19
Ross Stripling,LAD,49.0,2.0,0.0,0.0,74.1,69.0,31.0,74.0,19.0,10.0,3.0,5.0,2.0,3.0,4.0,3.75,1.18
Joe Ross,WAS,13.0,13.0,0.0,0.0,73.2,88.0,41.0,68.0,20.0,16.0,5.0,3.0,0.0,0.0,0.0,5.01,1.47
Archie Bradley,ARI,63.0,0.0,0.0,0.0,73.0,55.0,14.0,79.0,21.0,4.0,3.0,3.0,1.0,6.0,25.0,1.73,1.04
Carlos Torres,MIL,67.0,0.0,0.0,0.0,72.2,78.0,34.0,56.0,33.0,10.0,4.0,4.0,1.0,3.0,13.0,4.21,1.53
Jacob Barnes,MIL,73.0,0.0,0.0,0.0,72.0,57.0,32.0,80.0,33.0,8.0,3.0,4.0,2.0,5.0,24.0,4.0,1.25
Vince Velasquez,PHI,15.0,15.0,0.0,0.0,72.0,74.0,41.0,68.0,34.0,15.0,2.0,7.0,0.0,0.0,0.0,5.13,1.5
Vance Worley,MIA,24.0,12.0,0.0,0.0,71.2,99.0,55.0,50.0,30.0,9.0,2.0,6.0,1.0,0.0,0.0,6.91,1.8
Luis Garcia,PHI,66.0,0.0,0.0,0.0,71.1,61.0,21.0,60.0,26.0,3.0,2.0,5.0,2.0,5.0,14.0,2.65,1.22
Bronson Arroyo,CIN,14.0,14.0,0.0,0.0,71.0,94.0,58.0,45.0,19.0,23.0,3.0,6.0,0.0,0.0,0.0,7.35,1.59
Edwin Jackson,WAS,13.0,13.0,0.0,0.0,71.0,75.0,40.0,58.0,25.0,18.0,5.0,6.0,0.0,0.0,0.0,5.07,1.41
Tyler Duffey,MIN,56.0,0.0,0.0,0.0,71.0,79.0,39.0,67.0,18.0,9.0,2.0,3.0,1.0,2.0,12.0,4.94,1.37
Amir Garrett,CIN,16.0,14.0,0.0,0.0,70.2,74.0,58.0,63.0,40.0,23.0,3.0,8.0,0.0,0.0,1.0,7.39,1.61
Junior Guerra,MIL,21.0,14.0,0.0,0.0,70.1,61.0,40.0,67.0,43.0,18.0,1.0,4.0,0.0,0.0,0.0,5.12,1.48
Hector Santiago,MIN,15.0,14.0,0.0,0.0,70.1,70.0,44.0,51.0,31.0,15.0,4.0,8.0,0.0,0.0,0.0,5.63,1.44
Dominic Leone,TOR,65.0,0.0,0.0,0.0,70.1,51.0,20.0,81.0,23.0,6.0,3.0,0.0,1.0,4.0,11.0,2.56,1.05
Dylan Covey,CWS,18.0,12.0,0.0,0.0,70.0,83.0,60.0,41.0,34.0,20.0,0.0,7.0,0.0,0.0,0.0,7.71,1.67
Matt Barnes,BOS,70.0,0.0,0.0,0.0,69.2,57.0,30.0,83.0,28.0,7.0,7.0,3.0,1.0,2.0,21.0,3.88,1.22
Jesse Hahn,OAK,14.0,13.0,0.0,0.0,69.2,78.0,41.0,55.0,27.0,4.0,3.0,6.0,0.0,0.0,0.0,5.3,1.51
Erasmo Ramirez,TB,26.0,8.0,0.0,0.0,69.1,66.0,37.0,55.0,16.0,10.0,4.0,3.0,1.0,1.0,6.0,4.8,1.18
Carlos Rodon,CWS,12.0,12.0,0.0,0.0,69.1,64.0,32.0,76.0,31.0,12.0,2.0,5.0,0.0,0.0,0.0,4.15,1.37
Austin Bibens-Dirkx,TEX,24.0,6.0,0.0,0.0,69.1,74.0,36.0,38.0,20.0,14.0,5.0,2.0,0.0,0.0,0.0,4.67,1.36
Craig Kimbrel,BOS,67.0,0.0,0.0,0.0,69.0,33.0,11.0,126.0,14.0,6.0,5.0,0.0,35.0,4.0,1.0,1.43,0.68
Scott Alexander,KC,58.0,0.0,0.0,0.0,69.0,62.0,19.0,59.0,28.0,3.0,5.0,4.0,4.0,2.0,9.0,2.48,1.3
Chad Green,NYY,40.0,1.0,0.0,0.0,69.0,34.0,14.0,103.0,17.0,4.0,5.0,0.0,0.0,1.0,9.0,1.83,0.74
Kenley Jansen,LAD,65.0,0.0,0.0,0.0,68.1,44.0,10.0,109.0,7.0,5.0,5.0,0.0,41.0,1.0,1.0,1.32,0.75
Jose Torres,SD,62.0,0.0,0.0,0.0,68.1,63.0,32.0,63.0,16.0,13.0,7.0,4.0,1.0,1.0,3.0,4.21,1.16
Brad Brach,BAL,67.0,0.0,0.0,0.0,68.0,51.0,24.0,70.0,26.0,7.0,4.0,5.0,18.0,6.0,9.0,3.18,1.13
Cory Gearrin,SF,68.0,0.0,0.0,0.0,68.0,50.0,15.0,64.0,35.0,4.0,4.0,3.0,0.0,0.0,8.0,1.99,1.25
Wade LeBlanc,PIT,50.0,0.0,0.0,0.0,68.0,64.0,34.0,54.0,17.0,10.0,5.0,2.0,1.0,2.0,4.0,4.5,1.19
Shane Greene,DET,71.0,0.0,0.0,0.0,67.2,50.0,20.0,73.0,34.0,6.0,4.0,3.0,9.0,4.0,14.0,2.66,1.24
Blake Parker,LAA,71.0,0.0,0.0,0.0,67.1,40.0,19.0,86.0,16.0,7.0,3.0,3.0,8.0,3.0,15.0,2.54,0.83
Alex Meyer,LAA,13.0,13.0,0.0,0.0,67.1,48.0,28.0,75.0,42.0,6.0,4.0,5.0,0.0,0.0,0.0,3.74,1.34
Cody Allen,CLE,69.0,0.0,0.0,0.0,67.1,57.0,22.0,92.0,21.0,9.0,3.0,7.0,30.0,4.0,4.0,2.94,1.16
Brett Cecil,STL,73.0,0.0,0.0,0.0,67.1,67.0,29.0,66.0,16.0,7.0,2.0,4.0,1.0,6.0,13.0,3.88,1.23
Steven Matz,NYM,13.0,13.0,0.0,0.0,66.2,83.0,45.0,48.0,19.0,12.0,2.0,7.0,0.0,0.0,0.0,6.08,1.53
Alex Colome,TB,65.0,0.0,0.0,0.0,66.2,57.0,24.0,58.0,23.0,4.0,2.0,3.0,47.0,6.0,1.0,3.24,1.2
Miguel Castro,BAL,39.0,1.0,0.0,0.0,66.1,53.0,26.0,38.0,28.0,8.0,3.0,3.0,0.0,0.0,1.0,3.53,1.22
Carl Edwards Jr.,CHC,73.0,0.0,0.0,0.0,66.1,29.0,22.0,94.0,38.0,6.0,5.0,4.0,0.0,4.0,25.0,2.98,1.01
Edwin Diaz,SEA,66.0,0.0,0.0,0.0,66.0,44.0,24.0,89.0,32.0,10.0,4.0,6.0,34.0,5.0,2.0,3.27,1.15
Danny Barnes,TOR,60.0,0.0,0.0,0.0,66.0,48.0,26.0,62.0,24.0,11.0,3.0,6.0,0.0,4.0,11.0,3.55,1.09
Kyle Barraclough,MIA,66.0,0.0,0.0,0.0,66.0,53.0,22.0,76.0,38.0,5.0,6.0,2.0,1.0,4.0,22.0,3.0,1.38
Paul Sewald,NYM,57.0,0.0,0.0,0.0,65.1,58.0,33.0,69.0,21.0,8.0,0.0,6.0,0.0,3.0,13.0,4.55,1.21
Andrew Triggs,OAK,12.0,12.0,0.0,0.0,65.1,68.0,31.0,50.0,19.0,9.0,5.0,6.0,0.0,0.0,0.0,4.27,1.33
Sonny Gray,NYY,11.0,11.0,1.0,0.0,65.1,55.0,27.0,59.0,27.0,11.0,4.0,7.0,0.0,0.0,0.0,3.72,1.26
Chris Beck,CWS,57.0,0.0,0.0,0.0,64.2,73.0,46.0,42.0,34.0,16.0,2.0,1.0,0.0,1.0,3.0,6.4,1.65
Wandy Peralta,CIN,69.0,0.0,0.0,0.0,64.2,53.0,27.0,57.0,24.0,8.0,3.0,4.0,0.0,2.0,16.0,3.76,1.19
Nick Vincent,SEA,69.0,0.0,0.0,0.0,64.2,62.0,23.0,50.0,13.0,3.0,3.0,3.0,0.0,2.0,29.0,3.2,1.16
Zach Eflin,PHI,11.0,11.0,0.0,0.0,64.1,79.0,44.0,35.0,12.0,16.0,1.0,5.0,0.0,0.0,0.0,6.16,1.41
Liam Hendriks,OAK,70.0,0.0,0.0,0.0,64.0,57.0,30.0,78.0,23.0,7.0,4.0,2.0,1.0,3.0,16.0,4.22,1.25
Pedro Baez,LAD,66.0,0.0,0.0,0.0,64.0,56.0,21.0,64.0,29.0,9.0,3.0,6.0,0.0,3.0,23.0,2.95,1.33
Roberto Osuna,TOR,66.0,0.0,0.0,0.0,64.0,46.0,24.0,83.0,9.0,3.0,3.0,4.0,39.0,10.0,0.0,3.38,0.86
Collin McHugh,HOU,12.0,12.0,0.0,0.0,63.1,62.0,25.0,62.0,20.0,7.0,5.0,2.0,0.0,0.0,0.0,3.55,1.29
Richard Bleier,BAL,57.0,0.0,0.0,0.0,63.1,62.0,14.0,26.0,13.0,6.0,2.0,1.0,0.0,0.0,3.0,1.99,1.18
Bartolo Colon,ATL,13.0,13.0,0.0,0.0,63.0,92.0,57.0,42.0,20.0,11.0,2.0,8.0,0.0,0.0,0.0,8.14,1.78
Randall Delgado,ARI,26.0,5.0,0.0,0.0,62.2,60.0,25.0,60.0,14.0,6.0,1.0,2.0,1.0,1.0,2.0,3.59,1.18
Warwick Saupold,DET,45.0,0.0,0.0,0.0,62.2,64.0,34.0,44.0,31.0,9.0,3.0,2.0,0.0,0.0,2.0,4.88,1.52
Andrew Miller,CLE,57.0,0.0,0.0,0.0,62.2,31.0,10.0,95.0,21.0,3.0,4.0,3.0,2.0,2.0,27.0,1.44,0.83
Ken Giles,HOU,63.0,0.0,0.0,0.0,62.2,44.0,16.0,83.0,21.0,4.0,1.0,3.0,34.0,4.0,2.0,2.3,1.04
Sam Gaviglio,SEA,12.0,11.0,0.0,0.0,62.1,63.0,32.0,40.0,21.0,15.0,3.0,5.0,0.0,0.0,0.0,4.62,1.35
Brian Duensing,CHC,68.0,0.0,0.0,0.0,62.1,58.0,19.0,61.0,18.0,6.0,1.0,1.0,0.0,1.0,13.0,2.74,1.22
Asher Wojciechowski,CIN,25.0,8.0,0.0,0.0,62.1,71.0,45.0,64.0,19.0,14.0,4.0,3.0,0.0,0.0,2.0,6.5,1.44
Chad Bell,DET,28.0,4.0,0.0,0.0,62.1,81.0,48.0,57.0,31.0,12.0,0.0,3.0,0.0,0.0,1.0,6.93,1.8
Bud Norris,LAA,60.0,3.0,0.0,0.0,62.0,56.0,29.0,74.0,27.0,8.0,2.0,6.0,19.0,4.0,3.0,4.21,1.34
Zach McAllister,CLE,50.0,0.0,0.0,0.0,62.0,53.0,18.0,66.0,21.0,8.0,2.0,2.0,0.0,0.0,2.0,2.61,1.19
Jose Ramirez,ATL,68.0,0.0,0.0,0.0,62.0,45.0,22.0,56.0,29.0,9.0,2.0,3.0,0.0,5.0,27.0,3.19,1.19
Heath Hembree,BOS,62.0,0.0,0.0,0.0,62.0,72.0,25.0,70.0,18.0,10.0,2.0,3.0,0.0,3.0,14.0,3.63,1.45
Erasmo Ramirez,SEA,11.0,11.0,0.0,0.0,62.0,57.0,27.0,54.0,15.0,12.0,1.0,3.0,0.0,0.0,0.0,3.92,1.16
Tyler Glasnow,PIT,15.0,13.0,0.0,0.0,62.0,81.0,53.0,56.0,44.0,13.0,2.0,7.0,0.0,0.0,1.0,7.69,2.02
Daniel Hudson,PIT,71.0,0.0,0.0,0.0,61.2,57.0,30.0,66.0,33.0,7.0,2.0,7.0,0.0,2.0,21.0,4.38,1.46
Hunter Strickland,SF,68.0,0.0,0.0,0.0,61.1,59.0,18.0,58.0,29.0,4.0,4.0,3.0,1.0,2.0,21.0,2.64,1.43
Ryan Pressly,MIN,57.0,0.0,0.0,0.0,61.1,52.0,32.0,61.0,19.0,10.0,2.0,3.0,0.0,1.0,7.0,4.7,1.16
Matt Albers,WAS,63.0,0.0,0.0,0.0,61.0,35.0,11.0,63.0,17.0,6.0,7.0,2.0,2.0,3.0,14.0,1.62,0.85
Trevor Cahill,SD,11.0,11.0,0.0,0.0,61.0,58.0,25.0,72.0,24.0,6.0,4.0,3.0,0.0,0.0,0.0,3.69,1.34
Luke Gregerson,HOU,65.0,0.0,0.0,0.0,61.0,62.0,31.0,70.0,20.0,13.0,2.0,3.0,1.0,3.0,18.0,4.57,1.34
Luke Weaver,STL,13.0,10.0,0.0,0.0,60.1,59.0,26.0,72.0,17.0,7.0,7.0,2.0,0.0,0.0,0.0,3.88,1.26
Darren O'Day,BAL,64.0,0.0,0.0,0.0,60.1,41.0,23.0,76.0,24.0,8.0,2.0,3.0,2.0,2.0,17.0,3.43,1.08
Pedro Strop,CHC,69.0,0.0,0.0,0.0,60.1,45.0,19.0,65.0,26.0,4.0,5.0,4.0,0.0,4.0,21.0,2.83,1.18
Matt Belisle,MIN,62.0,0.0,0.0,0.0,60.1,48.0,27.0,54.0,22.0,7.0,2.0,2.0,9.0,5.0,17.0,4.03,1.16
Alex Wilson,DET,66.0,0.0,0.0,0.0,60.0,67.0,30.0,42.0,15.0,7.0,2.0,5.0,2.0,5.0,17.0,4.5,1.37
Alec Asher,BAL,24.0,6.0,0.0,0.0,60.0,61.0,35.0,47.0,23.0,10.0,2.0,5.0,0.0,0.0,0.0,5.25,1.4
Sam Freeman,ATL,58.0,0.0,0.0,0.0,60.0,48.0,17.0,59.0,27.0,3.0,2.0,0.0,0.0,3.0,12.0,2.55,1.25
Dan Otero,CLE,52.0,0.0,0.0,0.0,60.0,63.0,19.0,38.0,9.0,6.0,3.0,0.0,0.0,0.0,1.0,2.85,1.2
Juan Nicasio,PIT,65.0,0.0,0.0,0.0,60.0,49.0,19.0,60.0,18.0,4.0,2.0,5.0,2.0,4.0,21.0,2.85,1.12
Dellin Betances,NYY,66.0,0.0,0.0,0.0,59.2,29.0,19.0,100.0,44.0,3.0,3.0,6.0,10.0,3.0,19.0,2.87,1.22
Jared Hughes,MIL,67.0,0.0,0.0,0.0,59.2,49.0,20.0,48.0,24.0,4.0,5.0,3.0,1.0,3.0,12.0,3.02,1.22
Seung Hwan Oh,STL,62.0,0.0,0.0,0.0,59.1,68.0,27.0,54.0,15.0,10.0,1.0,6.0,20.0,4.0,7.0,4.1,1.4
Kelvin Herrera,KC,64.0,0.0,0.0,0.0,59.1,60.0,28.0,56.0,20.0,9.0,3.0,3.0,26.0,5.0,4.0,4.25,1.35
Peter Moylan,KC,79.0,0.0,0.0,0.0,59.1,40.0,23.0,46.0,25.0,4.0,0.0,0.0,0.0,1.0,24.0,3.49,1.1
Santiago Casilla,OAK,63.0,0.0,0.0,0.0,59.0,58.0,28.0,57.0,22.0,8.0,4.0,5.0,16.0,7.0,4.0,4.27,1.36
Andrew Moore,SEA,11.0,9.0,0.0,0.0,59.0,60.0,35.0,31.0,8.0,14.0,1.0,5.0,0.0,1.0,0.0,5.34,1.15
Chris Stratton,SF,13.0,10.0,0.0,0.0,58.2,59.0,24.0,51.0,28.0,5.0,4.0,4.0,1.0,1.0,0.0,3.68,1.48
Tommy Hunter,TB,61.0,0.0,0.0,0.0,58.2,43.0,17.0,64.0,14.0,6.0,3.0,5.0,1.0,0.0,25.0,2.61,0.97
Paul Blackburn,OAK,10.0,10.0,0.0,0.0,58.2,58.0,21.0,22.0,16.0,5.0,3.0,1.0,0.0,0.0,0.0,3.22,1.26
Wade Davis,CHC,59.0,0.0,0.0,0.0,58.2,39.0,15.0,79.0,28.0,6.0,4.0,2.0,32.0,1.0,0.0,2.3,1.14
Matt Bowman,STL,75.0,0.0,0.0,0.0,58.2,52.0,26.0,46.0,18.0,4.0,3.0,6.0,2.0,3.0,23.0,3.99,1.19
Scott Oberg,COL,66.0,0.0,0.0,0.0,58.1,70.0,32.0,55.0,24.0,4.0,0.0,1.0,0.0,1.0,14.0,4.94,1.61
Keynan Middleton,LAA,64.0,0.0,0.0,0.0,58.1,60.0,25.0,63.0,18.0,11.0,6.0,1.0,3.0,2.0,10.0,3.86,1.34
Odrisamer Despaigne,MIA,18.0,8.0,0.0,0.0,58.1,57.0,26.0,31.0,24.0,3.0,2.0,3.0,1.0,0.0,1.0,4.01,1.39
Joe Kelly,BOS,54.0,0.0,0.0,0.0,58.0,42.0,18.0,52.0,27.0,3.0,4.0,1.0,0.0,4.0,13.0,2.79,1.19
Lucas Sims,ATL,14.0,10.0,0.0,0.0,57.2,64.0,36.0,44.0,23.0,9.0,3.0,6.0,0.0,0.0,1.0,5.62,1.51
Aaron Loup,TOR,70.0,0.0,0.0,0.0,57.2,59.0,24.0,64.0,29.0,4.0,2.0,3.0,0.0,0.0,6.0,3.75,1.53
David Holmberg,CWS,37.0,7.0,0.0,0.0,57.2,63.0,30.0,33.0,34.0,12.0,2.0,4.0,0.0,1.0,0.0,4.68,1.68
Edubray Ramos,PHI,59.0,0.0,0.0,0.0,57.2,57.0,27.0,75.0,28.0,4.0,2.0,7.0,0.0,3.0,9.0,4.21,1.47
Chase Whitley,TB,41.0,0.0,0.0,0.0,57.1,48.0,26.0,43.0,16.0,4.0,2.0,1.0,2.0,1.0,6.0,4.08,1.12
Adam Warren,NYY,46.0,0.0,0.0,0.0,57.1,35.0,15.0,54.0,15.0,4.0,3.0,2.0,1.0,3.0,11.0,2.35,0.87
Greg Holland,COL,61.0,0.0,0.0,0.0,57.1,40.0,23.0,70.0,26.0,7.0,3.0,6.0,41.0,4.0,1.0,3.61,1.15
Tony Barnette,TEX,50.0,0.0,0.0,0.0,57.1,64.0,35.0,57.0,22.0,7.0,2.0,1.0,2.0,4.0,4.0,5.49,1.5
Blake Wood,CIN,55.0,0.0,0.0,0.0,57.1,64.0,36.0,62.0,29.0,5.0,1.0,4.0,0.0,1.0,3.0,5.65,1.62
Jake McGee,COL,62.0,0.0,0.0,0.0,57.1,47.0,23.0,58.0,16.0,4.0,0.0,2.0,3.0,3.0,20.0,3.61,1.1
Hector Rondon,CHC,61.0,0.0,0.0,0.0,57.1,50.0,27.0,69.0,20.0,10.0,4.0,1.0,0.0,3.0,10.0,4.24,1.22
Wily Peralta,MIL,19.0,8.0,0.0,0.0,57.1,73.0,50.0,52.0,32.0,10.0,5.0,4.0,0.0,0.0,1.0,7.85,1.83
Arodys Vizcaino,ATL,62.0,0.0,0.0,0.0,57.1,42.0,18.0,64.0,21.0,7.0,5.0,3.0,14.0,3.0,17.0,2.83,1.1
Josh Fields,LAD,57.0,0.0,0.0,0.0,57.0,40.0,18.0,60.0,15.0,10.0,5.0,0.0,2.0,3.0,15.0,2.84,0.96
Hansel Robles,NYM,46.0,0.0,0.0,0.0,56.2,47.0,31.0,60.0,29.0,10.0,7.0,5.0,0.0,2.0,6.0,4.92,1.34
Jim Johnson,ATL,61.0,0.0,0.0,0.0,56.2,59.0,35.0,61.0,25.0,8.0,6.0,3.0,22.0,9.0,1.0,5.56,1.48
Josh Smoker,NYM,54.0,0.0,0.0,0.0,56.1,64.0,32.0,68.0,32.0,10.0,1.0,2.0,0.0,0.0,7.0,5.11,1.7
Joakim Soria,KC,59.0,0.0,0.0,0.0,56.0,49.0,23.0,64.0,20.0,1.0,4.0,3.0,1.0,7.0,20.0,3.7,1.23
Kirby Yates,SD,61.0,0.0,0.0,0.0,55.2,42.0,23.0,87.0,19.0,10.0,4.0,5.0,1.0,3.0,20.0,3.72,1.1
Chris Smith,OAK,14.0,9.0,0.0,0.0,55.2,60.0,42.0,31.0,22.0,16.0,0.0,4.0,0.0,0.0,0.0,6.79,1.47
Tom Koehler,MIA,12.0,12.0,0.0,0.0,55.2,67.0,49.0,44.0,29.0,15.0,1.0,5.0,0.0,0.0,0.0,7.92,1.72
Enny Romero,WAS,53.0,0.0,0.0,0.0,55.2,55.0,22.0,65.0,23.0,7.0,2.0,4.0,2.0,2.0,10.0,3.56,1.4
Taylor Rogers,MIN,69.0,0.0,0.0,0.0,55.2,52.0,19.0,49.0,21.0,6.0,7.0,3.0,0.0,4.0,30.0,3.07,1.31
Junichi Tazawa,MIA,55.0,0.0,0.0,0.0,55.1,55.0,35.0,38.0,22.0,8.0,3.0,5.0,0.0,3.0,9.0,5.69,1.39
Justin Grimm,CHC,50.0,0.0,0.0,0.0,55.1,47.0,34.0,59.0,27.0,12.0,1.0,2.0,1.0,2.0,4.0,5.53,1.34
Fernando Rodney,ARI,61.0,0.0,0.0,0.0,55.1,40.0,26.0,65.0,26.0,3.0,5.0,4.0,39.0,6.0,0.0,4.23,1.19
Adam Morgan,PHI,37.0,0.0,0.0,0.0,54.2,51.0,25.0,63.0,18.0,10.0,3.0,3.0,0.0,1.0,6.0,4.12,1.26
Drew Storen,CIN,58.0,0.0,0.0,0.0,54.2,57.0,27.0,48.0,23.0,7.0,4.0,2.0,1.0,2.0,6.0,4.45,1.46
Gregory Infante,CWS,52.0,0.0,0.0,0.0,54.2,45.0,19.0,49.0,20.0,4.0,2.0,1.0,0.0,1.0,5.0,3.13,1.19
Eddie Butler,CHC,13.0,11.0,0.0,0.0,54.2,50.0,24.0,30.0,28.0,4.0,4.0,3.0,0.0,0.0,0.0,3.95,1.43
Nick Goody,CLE,56.0,0.0,0.0,0.0,54.2,39.0,17.0,72.0,20.0,7.0,1.0,2.0,0.0,0.0,6.0,2.8,1.08
Francis Martes,HOU,32.0,4.0,0.0,0.0,54.1,51.0,35.0,69.0,31.0,7.0,5.0,2.0,0.0,1.0,1.0,5.8,1.51
T.J. McFarland,ARI,43.0,1.0,0.0,0.0,54.0,65.0,32.0,29.0,17.0,4.0,4.0,5.0,0.0,0.0,2.0,5.33,1.52
Tyler Lyons,STL,50.0,0.0,0.0,0.0,54.0,39.0,17.0,68.0,20.0,3.0,4.0,1.0,3.0,1.0,15.0,2.83,1.09
Christian Bergman,SEA,13.0,8.0,0.0,0.0,54.0,61.0,30.0,33.0,15.0,12.0,4.0,5.0,0.0,0.0,0.0,5.0,1.41
Phil Hughes,MIN,14.0,9.0,0.0,0.0,53.2,72.0,35.0,38.0,13.0,12.0,4.0,3.0,0.0,0.0,0.0,5.87,1.58
James Pazos,SEA,59.0,0.0,0.0,0.0,53.2,51.0,23.0,65.0,24.0,7.0,4.0,5.0,0.0,3.0,10.0,3.86,1.4
Adam Ottavino,COL,63.0,0.0,0.0,0.0,53.1,48.0,30.0,63.0,39.0,8.0,2.0,3.0,0.0,2.0,21.0,5.06,1.63
Jarlin Garcia,MIA,68.0,0.0,0.0,0.0,53.1,47.0,28.0,42.0,17.0,6.0,1.0,2.0,0.0,1.0,15.0,4.73,1.2
Oliver Drake,MIL,61.0,0.0,0.0,0.0,52.2,57.0,26.0,59.0,22.0,6.0,3.0,5.0,1.0,3.0,5.0,4.44,1.5
Matt Bush,TEX,57.0,0.0,0.0,0.0,52.1,57.0,22.0,58.0,19.0,7.0,3.0,4.0,10.0,5.0,10.0,3.78,1.45
Travis Wood,SD,11.0,11.0,0.0,0.0,52.1,62.0,39.0,36.0,25.0,15.0,3.0,4.0,0.0,0.0,0.0,6.71,1.66
A.J. Cole,WAS,11.0,8.0,0.0,0.0,52.0,51.0,22.0,44.0,27.0,8.0,3.0,5.0,0.0,0.0,0.0,3.81,1.5
Daniel Coulombe,OAK,72.0,0.0,0.0,0.0,51.2,46.0,20.0,39.0,22.0,4.0,2.0,2.0,0.0,1.0,13.0,3.48,1.32
John Brebbia,STL,50.0,0.0,0.0,0.0,51.2,37.0,14.0,51.0,11.0,8.0,0.0,0.0,0.0,1.0,5.0,2.44,0.93
Jeremy Hellickson,BAL,10.0,10.0,0.0,0.0,51.2,49.0,40.0,31.0,17.0,13.0,2.0,6.0,0.0,0.0,0.0,6.97,1.28
George Kontos,SF,50.0,0.0,0.0,0.0,51.2,52.0,22.0,55.0,17.0,8.0,0.0,5.0,0.0,5.0,5.0,3.83,1.34
Andrew Chafin,ARI,71.0,0.0,0.0,0.0,51.1,48.0,20.0,61.0,21.0,5.0,1.0,0.0,0.0,0.0,17.0,3.51,1.34
Jorge De La Rosa,ARI,65.0,0.0,0.0,0.0,51.1,46.0,24.0,45.0,21.0,7.0,3.0,1.0,0.0,1.0,17.0,4.21,1.31
Luke Jackson,ATL,43.0,0.0,0.0,0.0,50.2,55.0,26.0,33.0,19.0,4.0,2.0,0.0,0.0,0.0,1.0,4.62,1.46
Mike Dunn,COL,68.0,0.0,0.0,0.0,50.1,43.0,25.0,57.0,28.0,8.0,5.0,1.0,0.0,1.0,19.0,4.47,1.41
Emilio Pagan,SEA,34.0,0.0,0.0,0.0,50.1,39.0,18.0,56.0,8.0,7.0,2.0,3.0,0.0,1.0,8.0,3.22,0.93
Aroldis Chapman,NYY,52.0,0.0,0.0,0.0,50.1,37.0,18.0,69.0,20.0,3.0,4.0,3.0,22.0,4.0,1.0,3.22,1.13
Matt Grace,WAS,40.0,1.0,0.0,0.0,50.0,50.0,24.0,31.0,18.0,3.0,1.0,0.0,2.0,0.0,4.0,4.32,1.36
Yu Darvish,LAD,9.0,9.0,0.0,0.0,49.2,44.0,19.0,61.0,13.0,7.0,4.0,3.0,0.0,0.0,0.0,3.44,1.15
James Hoyt,HOU,43.0,0.0,0.0,0.0,49.1,51.0,24.0,66.0,14.0,7.0,1.0,0.0,0.0,0.0,7.0,4.38,1.32
Tyson Ross,TEX,12.0,10.0,0.0,0.0,49.0,53.0,42.0,36.0,37.0,7.0,3.0,3.0,0.0,0.0,0.0,7.71,1.84
Jerry Blevins,NYM,75.0,0.0,0.0,0.0,49.0,43.0,16.0,69.0,24.0,4.0,6.0,0.0,1.0,7.0,19.0,2.94,1.37
Ian Krol,ATL,51.0,0.0,0.0,0.0,49.0,50.0,29.0,44.0,21.0,8.0,2.0,2.0,0.0,0.0,3.0,5.33,1.45
Addison Reed,NYM,48.0,0.0,0.0,0.0,49.0,49.0,14.0,48.0,6.0,6.0,1.0,2.0,19.0,2.0,4.0,2.57,1.12
Jose Alvarez,LAA,64.0,0.0,0.0,0.0,48.2,50.0,21.0,45.0,12.0,7.0,0.0,3.0,1.0,2.0,13.0,3.88,1.27
Anthony Swarzak,CWS,41.0,0.0,0.0,0.0,48.1,37.0,12.0,52.0,13.0,2.0,4.0,3.0,1.0,2.0,10.0,2.23,1.03
Michael Feliz,HOU,46.0,0.0,0.0,0.0,48.0,53.0,30.0,70.0,22.0,8.0,4.0,2.0,0.0,2.0,2.0,5.63,1.56
Chris Flexen,NYM,14.0,9.0,0.0,0.0,48.0,62.0,42.0,36.0,35.0,11.0,3.0,6.0,0.0,0.0,0.0,7.88,2.02
Justin Nicolino,MIA,20.0,8.0,0.0,0.0,48.0,66.0,27.0,26.0,20.0,8.0,2.0,3.0,0.0,0.0,0.0,5.06,1.79
Buck Farmer,DET,11.0,11.0,0.0,0.0,48.0,55.0,36.0,49.0,20.0,9.0,5.0,5.0,0.0,0.0,0.0,6.75,1.56
Josh Hader,MIL,35.0,0.0,0.0,0.0,47.2,25.0,11.0,68.0,22.0,4.0,2.0,3.0,0.0,1.0,12.0,2.08,0.99
Reynaldo Lopez,CWS,8.0,8.0,0.0,0.0,47.2,49.0,25.0,30.0,14.0,7.0,3.0,3.0,0.0,0.0,0.0,4.72,1.32
Trevor Rosenthal,STL,50.0,0.0,0.0,0.0,47.2,37.0,18.0,76.0,20.0,3.0,3.0,4.0,11.0,2.0,12.0,3.4,1.2
David Phelps,MIA,44.0,0.0,0.0,0.0,47.0,42.0,18.0,51.0,21.0,5.0,2.0,4.0,0.0,6.0,18.0,3.45,1.34
Brad Ziegler,MIA,53.0,0.0,0.0,0.0,47.0,57.0,25.0,26.0,16.0,1.0,1.0,4.0,10.0,5.0,7.0,4.79,1.55
Jordan Lyles,COL,33.0,0.0,0.0,0.0,46.2,61.0,36.0,33.0,12.0,11.0,0.0,2.0,0.0,0.0,2.0,6.94,1.56
Tony Watson,PIT,47.0,0.0,0.0,0.0,46.2,57.0,19.0,35.0,14.0,7.0,5.0,3.0,10.0,7.0,6.0,3.66,1.52
Dan Altavilla,SEA,41.0,0.0,0.0,0.0,46.2,43.0,22.0,52.0,20.0,9.0,1.0,1.0,0.0,4.0,2.0,4.24,1.35
Jake Thompson,PHI,11.0,8.0,0.0,0.0,46.1,50.0,20.0,35.0,22.0,9.0,3.0,2.0,0.0,0.0,0.0,3.88,1.55
Chad Bettis,COL,9.0,9.0,0.0,0.0,46.1,52.0,26.0,30.0,11.0,8.0,2.0,4.0,0.0,0.0,0.0,5.05,1.36
Luis Avilan,LAD,61.0,0.0,0.0,0.0,46.0,42.0,15.0,52.0,22.0,2.0,2.0,3.0,0.0,2.0,13.0,2.93,1.39
Jose Leclerc,TEX,47.0,0.0,0.0,0.0,45.2,23.0,20.0,60.0,40.0,4.0,2.0,3.0,2.0,1.0,10.0,3.94,1.38
Chasen Shreve,NYY,44.0,0.0,0.0,0.0,45.1,35.0,19.0,58.0,25.0,8.0,4.0,1.0,0.0,1.0,1.0,3.77,1.32
Nathan Karns,KC,9.0,8.0,0.0,0.0,45.1,41.0,21.0,51.0,13.0,9.0,2.0,2.0,0.0,0.0,0.0,4.17,1.19
Will Harris,HOU,46.0,0.0,0.0,0.0,45.1,37.0,15.0,52.0,7.0,7.0,3.0,2.0,2.0,2.0,21.0,2.98,0.97
Lucas Giolito,CWS,7.0,7.0,0.0,0.0,45.1,31.0,12.0,34.0,12.0,8.0,3.0,3.0,0.0,0.0,0.0,2.38,0.95
Brandon Kintzler,MIN,45.0,0.0,0.0,0.0,45.1,41.0,14.0,27.0,11.0,3.0,2.0,2.0,28.0,4.0,0.0,2.78,1.15
Kevin McCarthy,KC,33.0,0.0,0.0,0.0,45.0,50.0,16.0,27.0,13.0,4.0,1.0,0.0,0.0,0.0,1.0,3.2,1.4
Fernando Salas,NYM,48.0,0.0,0.0,0.0,45.0,60.0,30.0,47.0,20.0,7.0,1.0,2.0,0.0,1.0,11.0,6.0,1.78
Brian Ellington,MIA,42.0,0.0,0.0,0.0,44.2,48.0,36.0,48.0,35.0,7.0,1.0,1.0,0.0,1.0,6.0,7.25,1.86
Cam Bedrosian,LAA,48.0,0.0,0.0,0.0,44.2,41.0,22.0,53.0,17.0,5.0,6.0,5.0,6.0,5.0,10.0,4.43,1.3
Joe Blanton,WAS,51.0,0.0,0.0,0.0,44.1,53.0,28.0,39.0,13.0,10.0,2.0,4.0,0.0,0.0,8.0,5.68,1.49
Dan Jennings,CWS,48.0,0.0,0.0,0.0,44.1,35.0,17.0,38.0,19.0,6.0,3.0,1.0,0.0,1.0,7.0,3.45,1.22
Fernando Abad,BOS,48.0,0.0,0.0,0.0,43.2,40.0,16.0,37.0,14.0,4.0,2.0,1.0,1.0,1.0,2.0,3.3,1.24
Brandon Morrow,LAD,45.0,0.0,0.0,0.0,43.2,31.0,10.0,50.0,9.0,0.0,6.0,0.0,2.0,1.0,10.0,2.06,0.92
Juan Minaya,CWS,40.0,0.0,0.0,0.0,43.2,38.0,22.0,51.0,20.0,7.0,3.0,2.0,9.0,1.0,2.0,4.53,1.33
Donnie Hart,BAL,51.0,0.0,0.0,0.0,43.2,48.0,18.0,29.0,13.0,5.0,2.0,0.0,0.0,2.0,5.0,3.71,1.4
Josh Osich,SF,54.0,0.0,0.0,0.0,43.1,48.0,30.0,43.0,27.0,7.0,3.0,2.0,0.0,1.0,6.0,6.23,1.73
Phil Maton,SD,46.0,0.0,0.0,0.0,43.0,41.0,20.0,46.0,14.0,10.0,3.0,2.0,1.0,0.0,8.0,4.19,1.28
Daniel Mengden,OAK,7.0,7.0,1.0,1.0,43.0,36.0,15.0,29.0,9.0,6.0,3.0,2.0,0.0,0.0,0.0,3.14,1.05
Brandon Woodruff,MIL,8.0,8.0,0.0,0.0,43.0,43.0,23.0,32.0,14.0,5.0,2.0,3.0,0.0,0.0,0.0,4.81,1.33
Koji Uehara,CHC,49.0,0.0,0.0,0.0,43.0,38.0,19.0,50.0,12.0,7.0,3.0,4.0,2.0,3.0,14.0,3.98,1.16
Jered Weaver,SD,9.0,9.0,0.0,0.0,42.1,51.0,35.0,23.0,12.0,16.0,0.0,5.0,0.0,0.0,0.0,7.44,1.49
Nick Wittgren,MIA,38.0,0.0,0.0,0.0,42.1,46.0,22.0,43.0,13.0,5.0,3.0,1.0,0.0,0.0,5.0,4.68,1.39
Sam Tuivailala,STL,37.0,0.0,0.0,0.0,42.1,35.0,12.0,34.0,11.0,4.0,3.0,3.0,0.0,0.0,1.0,2.55,1.09
Ryan Dull,OAK,49.0,0.0,0.0,0.0,42.0,37.0,24.0,45.0,16.0,7.0,2.0,2.0,0.0,2.0,20.0,5.14,1.26
Trevor Hildenberger,MIN,37.0,0.0,0.0,0.0,42.0,38.0,15.0,44.0,6.0,4.0,3.0,3.0,1.0,2.0,12.0,3.21,1.05
Joaquin Benoit,PHI,44.0,0.0,0.0,0.0,42.0,32.0,19.0,43.0,16.0,5.0,1.0,4.0,2.0,3.0,13.0,4.07,1.14
Casey Lawrence,SEA,23.0,0.0,0.0,0.0,42.0,56.0,26.0,45.0,14.0,9.0,2.0,0.0,0.0,1.0,0.0,5.57,1.67
Travis Wood,KC,28.0,3.0,0.0,0.0,41.2,56.0,32.0,29.0,20.0,4.0,1.0,3.0,0.0,1.0,1.0,6.91,1.82
Miguel Diaz,SD,31.0,3.0,0.0,0.0,41.2,44.0,34.0,33.0,25.0,11.0,1.0,1.0,0.0,0.0,0.0,7.34,1.66
Blaine Boyer,BOS,32.0,0.0,0.0,0.0,41.1,50.0,20.0,33.0,14.0,3.0,1.0,1.0,0.0,1.0,2.0,4.35,1.55
Michael Bolsinger,TOR,11.0,5.0,0.0,0.0,41.1,48.0,29.0,39.0,27.0,9.0,0.0,3.0,0.0,0.0,0.0,6.31,1.81
J.J. Hoover,ARI,52.0,0.0,0.0,0.0,41.1,47.0,18.0,54.0,26.0,7.0,3.0,1.0,0.0,2.0,10.0,3.92,1.77
Andrew Albers,SEA,9.0,6.0,0.0,0.0,41.0,43.0,16.0,37.0,10.0,6.0,5.0,1.0,1.0,0.0,0.0,3.51,1.29
Tony Zych,SEA,45.0,0.0,0.0,0.0,40.2,30.0,12.0,35.0,21.0,2.0,6.0,3.0,1.0,1.0,12.0,2.66,1.25
Jason Motte,ATL,46.0,0.0,0.0,0.0,40.2,28.0,16.0,27.0,20.0,6.0,1.0,0.0,0.0,3.0,5.0,3.54,1.18
Jeremy Jeffress,TEX,39.0,0.0,0.0,0.0,40.2,49.0,24.0,29.0,19.0,8.0,1.0,2.0,0.0,0.0,4.0,5.31,1.67
Justin Wilson,DET,42.0,0.0,0.0,0.0,40.1,22.0,12.0,55.0,16.0,5.0,3.0,4.0,13.0,2.0,8.0,2.68,0.94
Pat Neshek,PHI,43.0,0.0,0.0,0.0,40.1,28.0,5.0,45.0,5.0,2.0,3.0,2.0,1.0,2.0,10.0,1.12,0.82
AJ Ramos,MIA,40.0,0.0,0.0,0.0,39.2,30.0,16.0,47.0,22.0,4.0,2.0,4.0,20.0,2.0,0.0,3.63,1.31
Brandon Workman,BOS,33.0,0.0,0.0,0.0,39.2,37.0,14.0,37.0,11.0,7.0,1.0,1.0,0.0,1.0,4.0,3.18,1.21
Brandon Maurer,SD,42.0,0.0,0.0,0.0,39.1,39.0,25.0,38.0,8.0,4.0,1.0,4.0,20.0,3.0,2.0,5.72,1.19
Ryan Madson,OAK,40.0,0.0,0.0,0.0,39.1,25.0,9.0,39.0,6.0,2.0,2.0,4.0,1.0,3.0,14.0,2.06,0.79
Jonathan Holder,NYY,37.0,0.0,0.0,0.0,39.1,45.0,17.0,40.0,8.0,5.0,1.0,1.0,0.0,2.0,3.0,3.89,1.35
Jacob Turner,WAS,18.0,2.0,0.0,0.0,39.0,43.0,22.0,23.0,15.0,8.0,2.0,3.0,0.0,3.0,1.0,5.08,1.49
Keone Kela,TEX,39.0,0.0,0.0,0.0,38.2,18.0,12.0,51.0,17.0,4.0,4.0,1.0,2.0,1.0,11.0,2.79,0.91
Ryan Buchter,SD,42.0,0.0,0.0,0.0,38.1,28.0,13.0,47.0,18.0,7.0,3.0,3.0,1.0,2.0,15.0,3.05,1.2
Blake Treinen,OAK,35.0,0.0,0.0,0.0,38.0,32.0,9.0,42.0,12.0,3.0,3.0,4.0,13.0,3.0,5.0,2.13,1.16
Sam Dyson,SF,38.0,0.0,0.0,0.0,38.0,36.0,17.0,27.0,18.0,2.0,3.0,4.0,14.0,3.0,1.0,4.03,1.42
Blake Treinen,WAS,37.0,0.0,0.0,0.0,37.2,48.0,24.0,32.0,13.0,3.0,0.0,2.0,3.0,2.0,5.0,5.73,1.62
Daniel Stumpf,DET,55.0,0.0,0.0,0.0,37.2,37.0,16.0,33.0,15.0,5.0,0.0,1.0,0.0,2.0,9.0,3.82,1.38
Tony Sipp,HOU,46.0,0.0,0.0,0.0,37.1,36.0,24.0,39.0,16.0,8.0,0.0,1.0,0.0,0.0,4.0,5.79,1.39
Zach Britton,BAL,38.0,0.0,0.0,0.0,37.1,39.0,12.0,29.0,18.0,1.0,2.0,1.0,15.0,2.0,0.0,2.89,1.53
Jaime Garcia,NYY,8.0,8.0,0.0,0.0,37.1,41.0,20.0,37.0,20.0,6.0,0.0,3.0,0.0,0.0,0.0,4.82,1.63
Derek Law,SF,41.0,0.0,0.0,0.0,37.1,45.0,21.0,35.0,14.0,5.0,4.0,1.0,4.0,2.0,5.0,5.06,1.58
Josh Edgin,NYM,46.0,0.0,0.0,0.0,37.0,39.0,15.0,27.0,18.0,3.0,0.0,1.0,1.0,0.0,4.0,3.65,1.54
Simon Castro,OAK,26.0,0.0,0.0,0.0,37.0,32.0,18.0,35.0,14.0,7.0,1.0,3.0,0.0,1.0,0.0,4.38,1.24
Lisalverto Bonilla,CIN,10.0,4.0,1.0,0.0,36.2,42.0,33.0,28.0,22.0,8.0,1.0,3.0,0.0,0.0,0.0,8.1,1.75
Marco Gonzales,SEA,10.0,7.0,0.0,0.0,36.2,53.0,22.0,30.0,11.0,5.0,1.0,1.0,0.0,0.0,0.0,5.4,1.75
Chris Hatcher,LAD,26.0,0.0,0.0,0.0,36.2,37.0,19.0,43.0,12.0,7.0,0.0,1.0,0.0,1.0,2.0,4.66,1.34
Dillon Gee,MIN,14.0,3.0,0.0,0.0,36.1,37.0,13.0,31.0,9.0,4.0,3.0,2.0,1.0,0.0,0.0,3.22,1.27
Tyler Clippard,NYY,40.0,0.0,0.0,0.0,36.1,28.0,20.0,42.0,19.0,7.0,1.0,5.0,1.0,5.0,8.0,4.95,1.29
David Hernandez,LAA,38.0,0.0,0.0,0.0,36.1,29.0,9.0,37.0,8.0,0.0,1.0,0.0,1.0,1.0,8.0,2.23,1.02
Tommy Kahnle,CWS,37.0,0.0,0.0,0.0,36.0,28.0,10.0,60.0,7.0,3.0,1.0,3.0,0.0,4.0,7.0,2.5,0.97
Luis Cessa,NYY,10.0,5.0,0.0,0.0,36.0,36.0,19.0,30.0,17.0,7.0,0.0,3.0,0.0,0.0,0.0,4.75,1.47
Aaron Sanchez,TOR,8.0,8.0,0.0,0.0,36.0,42.0,17.0,24.0,20.0,6.0,1.0,3.0,0.0,0.0,0.0,4.25,1.72
Joe Smith,TOR,38.0,0.0,0.0,0.0,35.2,30.0,13.0,51.0,10.0,3.0,3.0,0.0,0.0,1.0,13.0,3.28,1.12
Robby Scott,BOS,57.0,0.0,0.0,0.0,35.2,22.0,15.0,31.0,13.0,7.0,2.0,1.0,0.0,2.0,12.0,3.79,0.98
Josh Smith,OAK,26.0,0.0,0.0,0.0,35.0,35.0,19.0,25.0,15.0,3.0,2.0,1.0,0.0,0.0,1.0,4.89,1.43
David Robertson,NYY,30.0,0.0,0.0,0.0,35.0,14.0,4.0,51.0,12.0,2.0,5.0,0.0,1.0,1.0,8.0,1.03,0.74
Buddy Boshers,MIN,38.0,0.0,0.0,0.0,35.0,37.0,19.0,28.0,10.0,7.0,1.0,0.0,0.0,0.0,3.0,4.89,1.34
Danny Farquhar,TB,37.0,0.0,0.0,0.0,35.0,28.0,16.0,33.0,22.0,2.0,2.0,2.0,0.0,1.0,9.0,4.11,1.43
Drew Steckenrider,MIA,37.0,0.0,0.0,0.0,34.2,30.0,9.0,54.0,18.0,4.0,1.0,1.0,1.0,0.0,10.0,2.34,1.38
Gabriel Ynoa,BAL,9.0,4.0,0.0,0.0,34.2,39.0,16.0,26.0,8.0,5.0,2.0,3.0,0.0,0.0,0.0,4.15,1.36
Matt Strahm,KC,24.0,3.0,0.0,0.0,34.2,30.0,21.0,37.0,22.0,6.0,2.0,5.0,0.0,0.0,5.0,5.45,1.5
Steven Brault,PIT,11.0,4.0,0.0,0.0,34.2,41.0,18.0,23.0,14.0,3.0,1.0,0.0,1.0,0.0,0.0,4.67,1.59
Felix Pena,CHC,25.0,0.0,0.0,0.0,34.1,35.0,20.0,37.0,18.0,8.0,1.0,0.0,0.0,0.0,1.0,5.24,1.54
Brock Stewart,LAD,17.0,4.0,0.0,0.0,34.1,28.0,13.0,29.0,19.0,4.0,0.0,0.0,1.0,0.0,1.0,3.41,1.37
Drew VerHagen,DET,24.0,2.0,0.0,0.0,34.1,42.0,22.0,25.0,9.0,10.0,0.0,3.0,0.0,1.0,5.0,5.77,1.49
Kevin Siegrist,STL,39.0,0.0,0.0,0.0,34.1,35.0,19.0,36.0,20.0,4.0,1.0,1.0,1.0,0.0,6.0,4.98,1.6
Jhan Marinez,PIT,24.0,0.0,0.0,0.0,34.0,34.0,12.0,26.0,12.0,4.0,0.0,1.0,0.0,0.0,0.0,3.18,1.35
Justin Verlander,HOU,5.0,5.0,0.0,0.0,34.0,17.0,4.0,43.0,5.0,4.0,5.0,0.0,0.0,0.0,0.0,1.06,0.65
Chasen Bradford,NYM,28.0,0.0,0.0,0.0,33.2,30.0,14.0,27.0,13.0,3.0,2.0,0.0,0.0,0.0,3.0,3.74,1.28
Blaine Hardy,DET,35.0,0.0,0.0,0.0,33.1,46.0,22.0,28.0,13.0,7.0,1.0,0.0,0.0,0.0,6.0,5.94,1.77
Brett Anderson,TOR,7.0,7.0,0.0,0.0,33.1,39.0,19.0,22.0,9.0,3.0,2.0,2.0,0.0,0.0,0.0,5.13,1.44
David Robertson,CWS,31.0,0.0,0.0,0.0,33.1,21.0,10.0,47.0,11.0,4.0,4.0,2.0,13.0,1.0,0.0,2.7,0.96
Oliver Perez,WAS,50.0,0.0,0.0,0.0,33.0,32.0,17.0,39.0,12.0,4.0,0.0,0.0,1.0,0.0,12.0,4.64,1.33
Wei-Yin Chen,MIA,9.0,5.0,0.0,0.0,33.0,25.0,14.0,25.0,9.0,3.0,2.0,1.0,0.0,0.0,0.0,3.82,1.03
Chris O'Grady,MIA,13.0,6.0,0.0,0.0,33.0,33.0,16.0,30.0,18.0,4.0,2.0,1.0,0.0,0.0,2.0,4.36,1.55
Austin Brice,CIN,22.0,0.0,0.0,0.0,32.2,33.0,18.0,26.0,7.0,6.0,0.0,0.0,0.0,0.0,1.0,4.96,1.22
Bryan Mitchell,NYY,20.0,1.0,0.0,0.0,32.2,42.0,21.0,17.0,13.0,2.0,1.0,1.0,1.0,0.0,0.0,5.79,1.68
Kyle Crick,SF,30.0,0.0,0.0,0.0,32.1,22.0,11.0,28.0,17.0,2.0,0.0,0.0,0.0,0.0,1.0,3.06,1.21
Carlos Estevez,COL,35.0,0.0,0.0,0.0,32.1,39.0,20.0,31.0,14.0,3.0,5.0,0.0,0.0,0.0,6.0,5.57,1.64
Matt Wisler,ATL,20.0,1.0,0.0,0.0,32.1,43.0,30.0,22.0,13.0,5.0,0.0,1.0,0.0,0.0,0.0,8.35,1.73
Jeff Locke,MIA,7.0,7.0,0.0,0.0,32.0,42.0,29.0,26.0,15.0,4.0,0.0,5.0,0.0,0.0,0.0,8.16,1.78
A.J. Schugel,PIT,32.0,0.0,0.0,0.0,32.0,31.0,7.0,27.0,14.0,3.0,4.0,0.0,0.0,1.0,4.0,1.97,1.41
Mike Leake,SEA,5.0,5.0,0.0,0.0,32.0,32.0,9.0,27.0,2.0,1.0,3.0,1.0,0.0,0.0,0.0,2.53,1.06
Frankie Montas,OAK,23.0,0.0,0.0,0.0,32.0,39.0,25.0,36.0,20.0,10.0,1.0,1.0,0.0,0.0,1.0,7.03,1.84
Michael Brady,OAK,16.0,0.0,0.0,0.0,31.2,33.0,20.0,24.0,6.0,7.0,0.0,0.0,0.0,0.0,0.0,5.68,1.23
Albert Suarez,SF,18.0,0.0,0.0,0.0,31.2,28.0,18.0,34.0,11.0,4.0,0.0,3.0,1.0,2.0,0.0,5.12,1.23
Alan Busenitz,MIN,28.0,0.0,0.0,0.0,31.2,22.0,7.0,23.0,9.0,4.0,1.0,1.0,0.0,1.0,2.0,1.99,0.98
Dillon Peters,MIA,6.0,6.0,0.0,0.0,31.1,32.0,18.0,27.0,19.0,3.0,1.0,2.0,0.0,0.0,0.0,5.17,1.63
Marc Rzepczynski,SEA,64.0,0.0,0.0,0.0,31.1,29.0,14.0,25.0,20.0,2.0,2.0,2.0,1.0,2.0,20.0,4.02,1.56
Hoby Milner,PHI,37.0,0.0,0.0,0.0,31.1,30.0,7.0,22.0,16.0,2.0,0.0,0.0,0.0,1.0,7.0,2.01,1.47
Craig Breslow,MIN,30.0,0.0,0.0,0.0,31.0,38.0,18.0,18.0,12.0,4.0,1.0,1.0,0.0,1.0,0.0,5.23,1.61
Hisashi Iwakuma,SEA,6.0,6.0,0.0,0.0,31.0,27.0,15.0,16.0,12.0,7.0,0.0,2.0,0.0,0.0,0.0,4.35,1.26
Kevin Shackelford,CIN,26.0,0.0,0.0,0.0,30.2,30.0,16.0,38.0,13.0,6.0,0.0,0.0,0.0,1.0,3.0,4.7,1.4
Sergio Romo,TB,25.0,0.0,0.0,0.0,30.2,19.0,5.0,28.0,7.0,2.0,2.0,0.0,0.0,1.0,4.0,1.47,0.85
Noah Syndergaard,NYM,7.0,7.0,0.0,0.0,30.1,29.0,10.0,34.0,3.0,0.0,1.0,2.0,0.0,0.0,0.0,2.97,1.05
Mark Melancon,SF,32.0,0.0,0.0,0.0,30.0,37.0,15.0,29.0,6.0,3.0,1.0,2.0,11.0,5.0,5.0,4.5,1.43
Sean Doolittle,WAS,30.0,0.0,0.0,0.0,30.0,22.0,8.0,31.0,8.0,2.0,1.0,0.0,21.0,1.0,1.0,2.4,1.0
Chris Young,KC,14.0,2.0,0.0,0.0,30.0,47.0,25.0,22.0,14.0,7.0,0.0,0.0,0.0,0.0,0.0,7.5,2.03
Jumbo Diaz,TB,31.0,0.0,0.0,0.0,30.0,32.0,19.0,28.0,15.0,4.0,1.0,4.0,0.0,3.0,6.0,5.7,1.57
Ricardo Pinto,PHI,25.0,0.0,0.0,0.0,29.2,39.0,26.0,25.0,17.0,7.0,1.0,2.0,0.0,2.0,2.0,7.89,1.89
Jose Alvarado,TB,35.0,0.0,0.0,0.0,29.2,24.0,12.0,29.0,9.0,1.0,0.0,3.0,0.0,0.0,7.0,3.64,1.11
Luiz Gohara,ATL,5.0,5.0,0.0,0.0,29.1,32.0,16.0,31.0,8.0,2.0,1.0,3.0,0.0,0.0,0.0,4.91,1.36
Brad Boxberger,TB,30.0,0.0,0.0,0.0,29.1,23.0,11.0,40.0,11.0,4.0,4.0,4.0,0.0,2.0,5.0,3.38,1.16
Erik Goeddel,NYM,33.0,0.0,0.0,0.0,29.0,28.0,17.0,33.0,11.0,8.0,0.0,1.0,0.0,0.0,1.0,5.28,1.34
Michael Ynoa,CWS,22.0,0.0,0.0,0.0,29.0,28.0,19.0,23.0,22.0,4.0,1.0,0.0,0.0,0.0,0.0,5.9,1.72
David Paulino,HOU,6.0,6.0,0.0,0.0,29.0,36.0,21.0,34.0,7.0,8.0,2.0,0.0,0.0,0.0,0.0,6.52,1.48
Anthony Swarzak,MIL,29.0,0.0,0.0,0.0,29.0,21.0,8.0,39.0,9.0,4.0,2.0,1.0,1.0,1.0,17.0,2.48,1.03
Johnny Barbato,PIT,24.0,0.0,0.0,0.0,28.2,25.0,13.0,23.0,18.0,4.0,0.0,1.0,0.0,0.0,0.0,4.08,1.5
Chase De Jong,SEA,7.0,4.0,0.0,0.0,28.1,31.0,20.0,13.0,13.0,5.0,0.0,3.0,0.0,1.0,0.0,6.35,1.55
Garrett Richards,LAA,6.0,6.0,0.0,0.0,27.2,18.0,7.0,27.0,7.0,1.0,0.0,2.0,0.0,0.0,0.0,2.28,0.9
Tommy Milone,NYM,11.0,5.0,0.0,0.0,27.1,36.0,26.0,22.0,12.0,9.0,0.0,3.0,0.0,0.0,0.0,8.56,1.76
Addison Reed,BOS,29.0,0.0,0.0,0.0,27.0,16.0,10.0,28.0,9.0,5.0,1.0,1.0,0.0,0.0,11.0,3.33,0.93
Ryan Buchter,KC,29.0,0.0,0.0,0.0,27.0,16.0,8.0,18.0,8.0,3.0,1.0,0.0,0.0,0.0,5.0,2.67,0.89
Steven Okert,SF,44.0,0.0,0.0,0.0,27.0,24.0,17.0,22.0,11.0,3.0,1.0,1.0,0.0,0.0,11.0,5.67,1.3
Joely Rodriguez,PHI,26.0,0.0,0.0,0.0,27.0,37.0,19.0,18.0,15.0,4.0,1.0,2.0,0.0,2.0,3.0,6.33,1.93
Neftali Feliz,MIL,29.0,0.0,0.0,0.0,27.0,23.0,18.0,21.0,15.0,8.0,1.0,5.0,8.0,1.0,0.0,6.0,1.41
Jake Barrett,ARI,28.0,0.0,0.0,0.0,27.0,27.0,15.0,26.0,15.0,7.0,1.0,1.0,0.0,1.0,2.0,5.0,1.56
Brian Johnson,BOS,5.0,5.0,1.0,1.0,27.0,32.0,13.0,21.0,8.0,5.0,2.0,0.0,0.0,0.0,0.0,4.33,1.48
Tommy Kahnle,NYY,32.0,0.0,0.0,0.0,26.2,25.0,8.0,36.0,10.0,1.0,1.0,1.0,0.0,2.0,8.0,2.7,1.31
Kevin Quackenbush,SD,20.0,0.0,0.0,0.0,26.1,32.0,23.0,23.0,16.0,5.0,0.0,2.0,0.0,0.0,1.0,7.86,1.82
Tom Wilhelmsen,ARI,27.0,0.0,0.0,0.0,26.1,25.0,13.0,17.0,12.0,4.0,1.0,1.0,0.0,0.0,3.0,4.44,1.41
Shawn Kelley,WAS,33.0,0.0,0.0,0.0,26.0,29.0,21.0,25.0,11.0,12.0,3.0,2.0,4.0,2.0,2.0,7.27,1.54
Brandon Kintzler,WAS,27.0,0.0,0.0,0.0,26.0,25.0,10.0,12.0,5.0,2.0,2.0,1.0,1.0,2.0,10.0,3.46,1.15
Max Fried,ATL,9.0,4.0,0.0,0.0,26.0,30.0,11.0,22.0,12.0,3.0,1.0,1.0,0.0,0.0,0.0,3.81,1.62
Sammy Solis,WAS,30.0,0.0,0.0,0.0,26.0,22.0,17.0,28.0,13.0,4.0,1.0,0.0,1.0,0.0,6.0,5.88,1.35
Anthony Banda,ARI,8.0,4.0,0.0,0.0,25.2,26.0,17.0,25.0,10.0,1.0,2.0,3.0,0.0,0.0,0.0,5.96,1.4
Jake Petricka,CWS,27.0,0.0,0.0,0.0,25.2,39.0,20.0,26.0,6.0,6.0,1.0,1.0,0.0,1.0,3.0,7.01,1.75
Francisco Rodriguez,DET,28.0,0.0,0.0,0.0,25.1,31.0,22.0,23.0,11.0,9.0,2.0,5.0,7.0,6.0,0.0,7.82,1.66
Dovydas Neverauskas,PIT,24.0,0.0,0.0,0.0,25.1,24.0,11.0,17.0,8.0,4.0,1.0,1.0,0.0,1.0,2.0,3.91,1.26
Sergio Romo,LAD,30.0,0.0,0.0,0.0,25.0,23.0,17.0,31.0,12.0,7.0,1.0,1.0,0.0,0.0,7.0,6.12,1.4
Braden Shipley,ARI,10.0,3.0,0.0,0.0,25.0,31.0,16.0,18.0,15.0,5.0,0.0,1.0,0.0,0.0,0.0,5.76,1.84
Mike Wright,BAL,13.0,0.0,0.0,0.0,25.0,26.0,16.0,28.0,7.0,5.0,0.0,0.0,0.0,0.0,0.0,5.76,1.32
Deolis Guerra,LAA,19.0,0.0,0.0,0.0,25.0,20.0,13.0,22.0,12.0,4.0,2.0,2.0,0.0,1.0,0.0,4.68,1.28
Jackson Stephens,CIN,7.0,4.0,0.0,0.0,25.0,19.0,13.0,21.0,9.0,6.0,2.0,1.0,0.0,0.0,0.0,4.68,1.12
Jeremy Jeffress,MIL,22.0,1.0,0.0,0.0,24.2,24.0,10.0,22.0,15.0,2.0,4.0,0.0,0.0,1.0,4.0,3.65,1.58
Hector Velazquez,BOS,8.0,3.0,0.0,0.0,24.2,21.0,8.0,19.0,7.0,4.0,3.0,1.0,0.0,0.0,0.0,2.92,1.14
Steve Cishek,TB,26.0,0.0,0.0,0.0,24.2,13.0,3.0,26.0,7.0,0.0,2.0,1.0,0.0,0.0,10.0,1.09,0.81
Shawn Armstrong,CLE,21.0,0.0,0.0,0.0,24.2,23.0,12.0,20.0,10.0,5.0,1.0,0.0,0.0,0.0,0.0,4.38,1.34
Jeurys Familia,NYM,26.0,0.0,0.0,0.0,24.2,21.0,12.0,25.0,15.0,1.0,2.0,2.0,6.0,1.0,2.0,4.38,1.46
Ariel Hernandez,CIN,19.0,0.0,0.0,0.0,24.1,14.0,14.0,29.0,22.0,6.0,0.0,0.0,0.0,0.0,0.0,5.18,1.48
Steven Wright,BOS,5.0,5.0,0.0,0.0,24.0,40.0,22.0,13.0,5.0,9.0,1.0,3.0,0.0,0.0,0.0,8.25,1.88
Rookie Davis,CIN,7.0,6.0,0.0,0.0,24.0,38.0,23.0,20.0,14.0,7.0,1.0,3.0,0.0,0.0,0.0,8.63,2.17
Jarred Cosart,SD,7.0,6.0,0.0,0.0,24.0,26.0,13.0,15.0,19.0,0.0,0.0,2.0,0.0,0.0,0.0,4.88,1.88
Raul Alcantara,OAK,8.0,4.0,0.0,0.0,24.0,22.0,19.0,12.0,12.0,5.0,1.0,2.0,0.0,0.0,0.0,7.13,1.42
Troy Scribner,LAA,10.0,4.0,0.0,0.0,23.2,17.0,11.0,18.0,10.0,7.0,2.0,1.0,0.0,0.0,1.0,4.18,1.14
Grant Dayton,LAD,29.0,0.0,0.0,0.0,23.2,19.0,13.0,20.0,12.0,5.0,1.0,1.0,0.0,1.0,4.0,4.94,1.31
Rex Brothers,ATL,27.0,0.0,0.0,0.0,23.2,23.0,19.0,33.0,12.0,3.0,4.0,3.0,0.0,0.0,2.0,7.23,1.48
Carson Fulmer,CWS,7.0,5.0,0.0,0.0,23.1,16.0,10.0,19.0,13.0,4.0,3.0,1.0,0.0,0.0,0.0,3.86,1.24
Julio Urias,LAD,5.0,5.0,0.0,0.0,23.1,23.0,14.0,11.0,14.0,1.0,0.0,2.0,0.0,0.0,0.0,5.4,1.59
Tony Cingrani,CIN,25.0,0.0,0.0,0.0,23.1,25.0,14.0,24.0,6.0,9.0,0.0,0.0,0.0,1.0,4.0,5.4,1.33
Trevor Cahill,KC,10.0,3.0,0.0,0.0,23.0,33.0,21.0,15.0,21.0,10.0,0.0,0.0,0.0,0.0,1.0,8.22,2.35
Chris Hatcher,OAK,23.0,0.0,0.0,0.0,23.0,21.0,9.0,20.0,9.0,3.0,1.0,1.0,1.0,3.0,9.0,3.52,1.3
Jordan Lyles,SD,5.0,5.0,0.0,0.0,23.0,35.0,24.0,22.0,10.0,5.0,1.0,3.0,0.0,0.0,0.0,9.39,1.96
Jeanmar Gomez,PHI,18.0,0.0,0.0,0.0,22.1,31.0,18.0,21.0,7.0,7.0,3.0,2.0,2.0,1.0,0.0,7.25,1.7
Matt Dermody,TOR,23.0,0.0,0.0,0.0,22.1,23.0,11.0,15.0,5.0,6.0,2.0,0.0,0.0,0.0,1.0,4.43,1.25
Rob Scahill,MIL,18.0,0.0,0.0,0.0,22.1,21.0,11.0,10.0,10.0,3.0,1.0,3.0,0.0,0.0,0.0,4.43,1.39
Eduardo Paredes,LAA,18.0,0.0,0.0,0.0,22.1,21.0,11.0,17.0,6.0,2.0,0.0,1.0,1.0,0.0,1.0,4.43,1.21
Miguel Gonzalez,TEX,5.0,5.0,0.0,0.0,22.1,22.0,16.0,15.0,8.0,6.0,1.0,3.0,0.0,0.0,0.0,6.45,1.34
Brett Anderson,CHC,6.0,6.0,0.0,0.0,22.0,34.0,20.0,16.0,12.0,2.0,2.0,2.0,0.0,0.0,0.0,8.18,2.09
Tyler Pill,NYM,7.0,3.0,0.0,0.0,22.0,22.0,13.0,16.0,10.0,3.0,0.0,3.0,0.0,0.0,0.0,5.32,1.45
Shelby Miller,ARI,4.0,4.0,0.0,0.0,22.0,20.0,10.0,20.0,12.0,1.0,2.0,2.0,0.0,0.0,0.0,4.09,1.45
Aaron Bummer,CWS,30.0,0.0,0.0,0.0,22.0,13.0,11.0,17.0,15.0,4.0,1.0,3.0,0.0,1.0,7.0,4.5,1.27
Pat Neshek,COL,28.0,0.0,0.0,0.0,22.0,20.0,6.0,24.0,1.0,1.0,2.0,1.0,0.0,2.0,13.0,2.45,0.95
Andrew Heaney,LAA,5.0,5.0,0.0,0.0,21.2,27.0,17.0,27.0,9.0,12.0,1.0,2.0,0.0,0.0,0.0,7.06,1.66
Cesar Valdez,TOR,7.0,3.0,0.0,0.0,21.1,27.0,16.0,16.0,7.0,3.0,1.0,1.0,0.0,0.0,0.0,6.75,1.59
Jack Flaherty,STL,6.0,5.0,0.0,0.0,21.1,23.0,15.0,20.0,10.0,4.0,0.0,2.0,0.0,0.0,0.0,6.33,1.55
Sean Doolittle,OAK,23.0,0.0,0.0,0.0,21.1,12.0,8.0,31.0,2.0,3.0,1.0,0.0,3.0,1.0,8.0,3.38,0.66
Tommy Milone,MIL,6.0,3.0,0.0,0.0,21.0,29.0,15.0,16.0,2.0,6.0,1.0,0.0,1.0,0.0,0.0,6.43,1.48
John Axford,OAK,22.0,0.0,0.0,0.0,21.0,27.0,15.0,21.0,17.0,3.0,0.0,1.0,0.0,1.0,1.0,6.43,2.1
Bryan Morris,SF,20.0,0.0,0.0,0.0,21.0,24.0,15.0,15.0,11.0,1.0,2.0,0.0,0.0,0.0,1.0,6.43,1.67
Javy Guerra,MIA,16.0,0.0,0.0,0.0,21.0,23.0,7.0,12.0,7.0,2.0,1.0,1.0,0.0,1.0,0.0,3.0,1.43
Boone Logan,CLE,38.0,0.0,0.0,0.0,21.0,20.0,11.0,28.0,9.0,2.0,1.0,0.0,0.0,1.0,4.0,4.71,1.38
Michael Tonkin,MIN,16.0,0.0,0.0,0.0,21.0,22.0,12.0,24.0,12.0,6.0,0.0,1.0,0.0,0.0,0.0,5.14,1.62
Neil Ramirez,NYM,20.0,0.0,0.0,0.0,21.0,20.0,15.0,26.0,17.0,4.0,0.0,1.0,0.0,1.0,1.0,6.43,1.76
Silvino Bracho,ARI,21.0,0.0,0.0,0.0,20.2,18.0,13.0,25.0,7.0,5.0,0.0,0.0,0.0,0.0,0.0,5.66,1.21
Jimmy Yacabonis,BAL,14.0,0.0,0.0,0.0,20.2,18.0,10.0,8.0,14.0,2.0,2.0,0.0,0.0,0.0,0.0,4.35,1.55
Jason Grilli,TOR,26.0,0.0,0.0,0.0,20.2,24.0,16.0,23.0,9.0,9.0,2.0,4.0,1.0,2.0,1.0,6.97,1.6
Ryan Merritt,CLE,5.0,4.0,0.0,0.0,20.2,26.0,4.0,7.0,4.0,0.0,2.0,0.0,0.0,0.0,0.0,1.74,1.45
Giovanny Gallegos,NYY,16.0,0.0,0.0,0.0,20.1,21.0,11.0,22.0,5.0,3.0,0.0,1.0,0.0,1.0,0.0,4.87,1.28
Ryne Stanek,TB,21.0,0.0,0.0,0.0,20.0,26.0,13.0,29.0,12.0,6.0,0.0,0.0,0.0,1.0,4.0,5.85,1.9
Tony Watson,LAD,24.0,0.0,0.0,0.0,20.0,15.0,6.0,18.0,6.0,2.0,2.0,1.0,0.0,1.0,8.0,2.7,1.05
Brandon Maurer,KC,26.0,0.0,0.0,0.0,20.0,34.0,18.0,21.0,11.0,4.0,2.0,2.0,2.0,1.0,4.0,8.1,2.25
Steve Cishek,SEA,23.0,0.0,0.0,0.0,20.0,13.0,7.0,15.0,7.0,3.0,1.0,1.0,1.0,3.0,6.0,3.15,1.0
Tyler Olson,CLE,30.0,0.0,0.0,0.0,20.0,13.0,0.0,18.0,6.0,0.0,1.0,0.0,1.0,0.0,8.0,0.0,0.95
Tyler Mahle,CIN,4.0,4.0,0.0,0.0,20.0,19.0,6.0,14.0,11.0,0.0,1.0,2.0,0.0,0.0,0.0,2.7,1.5
Daniel Wright,LAA,5.0,2.0,0.0,0.0,19.2,21.0,10.0,11.0,8.0,1.0,0.0,1.0,0.0,0.0,0.0,4.58,1.47
Ryan Madson,WAS,20.0,0.0,0.0,0.0,19.2,13.0,3.0,28.0,3.0,0.0,3.0,0.0,1.0,0.0,11.0,1.37,0.81
Jason Grilli,TEX,20.0,0.0,0.0,0.0,19.1,22.0,12.0,25.0,9.0,3.0,0.0,1.0,0.0,0.0,3.0,5.59,1.6
Chris Volstad,CWS,6.0,2.0,0.0,0.0,19.1,16.0,10.0,10.0,5.0,4.0,1.0,2.0,0.0,0.0,0.0,4.66,1.09
Tony Cingrani,LAD,22.0,0.0,0.0,0.0,19.1,15.0,6.0,28.0,6.0,1.0,0.0,0.0,0.0,0.0,5.0,2.79,1.09
Koda Glover,WAS,23.0,0.0,0.0,0.0,19.1,20.0,11.0,17.0,4.0,1.0,0.0,1.0,8.0,2.0,5.0,5.12,1.24
Kyle McGrath,SD,17.0,0.0,0.0,0.0,19.0,14.0,6.0,16.0,6.0,2.0,0.0,0.0,0.0,0.0,0.0,2.84,1.05
Joe Jimenez,DET,24.0,0.0,0.0,0.0,19.0,31.0,26.0,17.0,9.0,4.0,0.0,2.0,0.0,1.0,0.0,12.32,2.11
Neftali Feliz,KC,20.0,0.0,0.0,0.0,19.0,17.0,10.0,16.0,8.0,1.0,1.0,0.0,0.0,0.0,2.0,4.74,1.32
AJ Ramos,NYM,21.0,0.0,0.0,0.0,19.0,19.0,10.0,25.0,12.0,3.0,0.0,0.0,7.0,1.0,1.0,4.74,1.63
Miguel Socolovich,STL,15.0,0.0,0.0,0.0,18.2,27.0,18.0,14.0,4.0,4.0,0.0,1.0,1.0,0.0,0.0,8.68,1.66
Caleb Smith,NYY,9.0,2.0,0.0,0.0,18.2,21.0,16.0,18.0,10.0,4.0,0.0,1.0,0.0,0.0,0.0,7.71,1.66
Chris Rowley,TOR,6.0,3.0,0.0,0.0,18.2,24.0,14.0,11.0,10.0,4.0,1.0,2.0,0.0,0.0,0.0,6.75,1.82
David Hernandez,ARI,26.0,0.0,0.0,0.0,18.2,19.0,10.0,15.0,1.0,4.0,2.0,1.0,1.0,1.0,10.0,4.82,1.07
Jesen Therrien,PHI,15.0,0.0,0.0,0.0,18.1,24.0,17.0,10.0,7.0,5.0,0.0,0.0,0.0,1.0,0.0,8.35,1.69
Joe Smith,CLE,21.0,0.0,0.0,0.0,18.1,16.0,7.0,20.0,0.0,1.0,0.0,0.0,1.0,0.0,8.0,3.44,0.87
Eric O'Flaherty,ATL,22.0,0.0,0.0,0.0,18.1,20.0,16.0,15.0,9.0,4.0,0.0,0.0,0.0,0.0,3.0,7.85,1.58
Zach Duke,STL,27.0,0.0,0.0,0.0,18.1,13.0,8.0,12.0,6.0,3.0,1.0,1.0,0.0,0.0,6.0,3.93,1.04
Dan Jennings,TB,29.0,0.0,0.0,0.0,18.1,18.0,7.0,13.0,12.0,2.0,0.0,0.0,0.0,1.0,7.0,3.44,1.64
Dillon Overton,SEA,9.0,1.0,0.0,0.0,18.1,21.0,13.0,8.0,2.0,4.0,0.0,0.0,0.0,0.0,0.0,6.38,1.25
Edgar Santana,PIT,19.0,0.0,0.0,0.0,18.0,16.0,7.0,20.0,12.0,2.0,0.0,0.0,0.0,0.0,2.0,3.5,1.56
Justin Haley,MIN,10.0,0.0,0.0,0.0,18.0,22.0,12.0,14.0,6.0,3.0,0.0,0.0,1.0,0.0,0.0,6.0,1.56
Eric Skoglund,KC,7.0,5.0,0.0,0.0,18.0,30.0,19.0,14.0,12.0,2.0,1.0,2.0,0.0,0.0,0.0,9.5,2.33
Cody Reed,CIN,12.0,1.0,0.0,0.0,17.2,11.0,10.0,17.0,19.0,3.0,1.0,1.0,1.0,0.0,0.0,5.09,1.7
Buddy Baumann,SD,23.0,0.0,0.0,0.0,17.2,11.0,5.0,21.0,7.0,4.0,2.0,1.0,0.0,1.0,4.0,2.55,1.02
Justin Wilson,CHC,23.0,0.0,0.0,0.0,17.2,18.0,10.0,25.0,19.0,0.0,1.0,0.0,0.0,1.0,1.0,5.09,2.09
Paolo Espino,MIL,6.0,2.0,0.0,0.0,17.2,17.0,12.0,13.0,8.0,5.0,0.0,0.0,0.0,0.0,0.0,6.11,1.42
Nik Turley,MIN,10.0,3.0,0.0,0.0,17.2,30.0,22.0,13.0,8.0,5.0,0.0,2.0,0.0,0.0,0.0,11.21,2.15
John Gant,STL,7.0,2.0,0.0,0.0,17.1,17.0,9.0,11.0,10.0,4.0,0.0,1.0,0.0,0.0,0.0,4.67,1.56
Ben Taylor,BOS,14.0,0.0,0.0,0.0,17.1,20.0,10.0,18.0,9.0,3.0,0.0,1.0,1.0,0.0,1.0,5.19,1.67
Austin Maddox,BOS,13.0,0.0,0.0,0.0,17.1,13.0,1.0,14.0,2.0,1.0,0.0,0.0,0.0,0.0,0.0,0.52,0.87
Blake Wood,LAA,17.0,0.0,0.0,0.0,17.0,20.0,9.0,22.0,4.0,3.0,2.0,0.0,0.0,0.0,0.0,4.76,1.41
Josh Collmenter,ATL,11.0,0.0,0.0,0.0,17.0,29.0,17.0,18.0,6.0,7.0,0.0,2.0,0.0,0.0,0.0,9.0,2.06
Tom Koehler,TOR,15.0,1.0,0.0,0.0,17.0,16.0,5.0,18.0,6.0,1.0,0.0,2.0,0.0,0.0,2.0,2.65,1.29
Jose Valdez,SD,13.0,0.0,0.0,0.0,17.0,20.0,15.0,16.0,4.0,7.0,0.0,0.0,0.0,0.0,0.0,7.94,1.41
Tim Mayza,TOR,19.0,0.0,0.0,0.0,17.0,24.0,13.0,27.0,4.0,3.0,1.0,0.0,0.0,0.0,2.0,6.88,1.65
Sam Dyson,TEX,17.0,0.0,0.0,0.0,16.2,31.0,20.0,7.0,12.0,6.0,1.0,6.0,0.0,4.0,3.0,10.8,2.58
Carlos Ramirez,TOR,12.0,0.0,0.0,0.0,16.2,6.0,5.0,14.0,3.0,3.0,0.0,0.0,0.0,0.0,3.0,2.7,0.54
Jhan Marinez,MIL,15.0,0.0,0.0,0.0,16.2,23.0,10.0,14.0,11.0,2.0,0.0,2.0,0.0,0.0,3.0,5.4,2.04
Josh Ravin,LAD,14.0,0.0,0.0,0.0,16.2,12.0,12.0,19.0,9.0,4.0,0.0,1.0,1.0,0.0,1.0,6.48,1.26
Luis Santos,TOR,10.0,0.0,0.0,0.0,16.2,15.0,5.0,16.0,4.0,4.0,0.0,1.0,1.0,0.0,1.0,2.7,1.14
Chad Qualls,COL,19.0,0.0,0.0,0.0,16.2,17.0,10.0,11.0,5.0,3.0,1.0,1.0,0.0,0.0,1.0,5.4,1.32
Dario Alvarez,TEX,20.0,0.0,0.0,0.0,16.1,19.0,5.0,17.0,14.0,1.0,2.0,0.0,0.0,0.0,3.0,2.76,2.02
Yacksel Rios,PHI,13.0,0.0,0.0,0.0,16.1,15.0,8.0,17.0,9.0,4.0,1.0,0.0,0.0,0.0,0.0,4.41,1.47
Reymin Guduan,HOU,22.0,0.0,0.0,0.0,16.0,24.0,14.0,16.0,12.0,1.0,0.0,0.0,0.0,0.0,1.0,7.88,2.25
Jonathan Broxton,STL,20.0,0.0,0.0,0.0,15.2,23.0,12.0,16.0,11.0,2.0,0.0,1.0,0.0,0.0,1.0,6.89,2.17
Jeff Beliveau,TOR,19.0,0.0,0.0,0.0,15.2,17.0,13.0,17.0,6.0,4.0,1.0,1.0,0.0,0.0,2.0,7.47,1.47
Bruce Rondon,DET,21.0,0.0,0.0,0.0,15.2,21.0,19.0,22.0,10.0,1.0,1.0,3.0,1.0,1.0,7.0,10.91,1.98
Tyler Wilson,BAL,9.0,1.0,0.0,0.0,15.1,22.0,12.0,9.0,4.0,3.0,2.0,2.0,0.0,0.0,1.0,7.04,1.7
Aaron Slegers,MIN,4.0,3.0,0.0,0.0,15.1,12.0,11.0,9.0,6.0,3.0,0.0,1.0,0.0,0.0,0.0,6.46,1.17
Erick Fedde,WAS,3.0,3.0,0.0,0.0,15.1,25.0,16.0,15.0,8.0,5.0,0.0,1.0,0.0,0.0,0.0,9.39,2.15
Andrew Kittredge,TB,15.0,0.0,0.0,0.0,15.1,13.0,3.0,14.0,6.0,2.0,0.0,1.0,0.0,0.0,1.0,1.76,1.24
Mat Latos,TOR,3.0,3.0,0.0,0.0,15.0,19.0,11.0,10.0,8.0,5.0,0.0,1.0,0.0,0.0,0.0,6.6,1.8
A.J. Minter,ATL,16.0,0.0,0.0,0.0,15.0,13.0,5.0,26.0,2.0,1.0,0.0,1.0,0.0,0.0,5.0,3.0,1.0
George Kontos,PIT,15.0,0.0,0.0,0.0,14.2,9.0,3.0,15.0,3.0,1.0,1.0,1.0,1.0,1.0,6.0,1.84,0.82
Vidal Nuno,BAL,12.0,0.0,0.0,0.0,14.2,23.0,17.0,13.0,10.0,7.0,0.0,1.0,0.0,0.0,0.0,10.43,2.25
Zach Neal,OAK,6.0,0.0,0.0,0.0,14.2,19.0,13.0,10.0,1.0,5.0,0.0,0.0,0.0,0.0,0.0,7.98,1.36
Henderson Alvarez,PHI,3.0,3.0,0.0,0.0,14.2,14.0,7.0,6.0,11.0,2.0,0.0,1.0,0.0,0.0,0.0,4.3,1.7
Ryan Sherriff,STL,13.0,0.0,0.0,0.0,14.1,13.0,5.0,15.0,4.0,2.0,2.0,1.0,0.0,0.0,1.0,3.14,1.19
Domingo German,NYY,7.0,0.0,0.0,0.0,14.1,11.0,5.0,18.0,9.0,1.0,0.0,1.0,0.0,0.0,0.0,3.14,1.4
Jake Buchanan,CIN,5.0,0.0,0.0,0.0,14.1,24.0,13.0,4.0,7.0,1.0,0.0,0.0,0.0,0.0,0.0,8.16,2.16
Danny Farquhar,CWS,15.0,0.0,0.0,0.0,14.1,11.0,7.0,12.0,6.0,1.0,2.0,0.0,0.0,1.0,4.0,4.4,1.19
Francisco Liriano,HOU,20.0,0.0,0.0,0.0,14.1,14.0,7.0,11.0,10.0,0.0,0.0,2.0,0.0,0.0,6.0,4.4,1.67
Dan Winkler,ATL,16.0,0.0,0.0,0.0,14.1,7.0,4.0,18.0,6.0,1.0,1.0,1.0,0.0,0.0,4.0,2.51,0.91
Mike Morin,LAA,10.0,0.0,0.0,0.0,14.1,21.0,11.0,10.0,2.0,3.0,0.0,0.0,0.0,0.0,0.0,6.91,1.6
Tyler Clippard,HOU,16.0,0.0,0.0,0.0,14.0,11.0,10.0,18.0,7.0,3.0,0.0,2.0,2.0,1.0,1.0,6.43,1.29
Nick Tepesch,TOR,3.0,3.0,0.0,0.0,14.0,17.0,8.0,7.0,7.0,5.0,1.0,1.0,0.0,0.0,0.0,5.14,1.71
Deck McGuire,CIN,6.0,2.0,0.0,0.0,13.2,10.0,4.0,11.0,2.0,1.0,1.0,1.0,0.0,0.0,0.0,2.63,0.88
Leonel Campos,TOR,13.0,0.0,0.0,0.0,13.2,11.0,4.0,15.0,8.0,2.0,0.0,0.0,0.0,0.0,0.0,2.63,1.39
Fernando Salas,LAA,13.0,0.0,0.0,0.0,13.2,7.0,4.0,9.0,2.0,0.0,1.0,0.0,0.0,0.0,1.0,2.63,0.66
Jayson Aquino,BAL,4.0,2.0,0.0,0.0,13.1,15.0,11.0,13.0,6.0,4.0,1.0,2.0,0.0,0.0,0.0,7.43,1.58
Casey Lawrence,TOR,4.0,2.0,0.0,0.0,13.1,21.0,13.0,7.0,11.0,2.0,0.0,3.0,0.0,0.0,0.0,8.78,2.4
Dayan Diaz,HOU,10.0,1.0,0.0,0.0,13.0,17.0,13.0,20.0,4.0,3.0,1.0,1.0,0.0,0.0,0.0,9.0,1.62
Ricardo Rodriguez,TEX,16.0,0.0,0.0,0.0,13.0,17.0,9.0,11.0,4.0,3.0,0.0,1.0,1.0,2.0,1.0,6.23,1.62
Dillon Gee,TEX,4.0,1.0,0.0,0.0,13.0,17.0,6.0,10.0,6.0,4.0,0.0,0.0,0.0,0.0,0.0,4.15,1.77
Brandon Finnegan,CIN,4.0,4.0,0.0,0.0,13.0,9.0,6.0,16.0,13.0,1.0,1.0,1.0,0.0,0.0,0.0,4.15,1.69
Rob Zastryzny,CHC,4.0,0.0,0.0,0.0,13.0,19.0,12.0,11.0,7.0,2.0,0.0,0.0,0.0,0.0,0.0,8.31,2.0
Tom Layne,NYY,19.0,0.0,0.0,0.0,13.0,16.0,11.0,9.0,8.0,1.0,0.0,0.0,0.0,0.0,2.0,7.62,1.85
Myles Jaye,DET,5.0,2.0,0.0,0.0,12.2,18.0,17.0,4.0,10.0,2.0,1.0,2.0,0.0,0.0,0.0,12.08,2.21
Carter Capps,SD,11.0,0.0,0.0,0.0,12.1,12.0,9.0,7.0,2.0,2.0,0.0,0.0,0.0,0.0,1.0,6.57,1.14
Angel Sanchez,PIT,8.0,0.0,0.0,0.0,12.1,16.0,12.0,10.0,1.0,5.0,1.0,0.0,0.0,0.0,0.0,8.76,1.38
Stefan Crichton,BAL,8.0,0.0,0.0,0.0,12.1,26.0,11.0,8.0,4.0,2.0,0.0,0.0,0.0,0.0,1.0,8.03,2.43
Yohander Mendez,TEX,7.0,0.0,0.0,0.0,12.1,13.0,7.0,7.0,3.0,3.0,0.0,1.0,0.0,0.0,1.0,5.11,1.3
Sam Gaviglio,KC,4.0,2.0,0.0,0.0,12.0,13.0,4.0,9.0,5.0,1.0,1.0,0.0,0.0,0.0,0.0,3.0,1.5
Brad Goldberg,CWS,11.0,0.0,0.0,0.0,12.0,14.0,11.0,3.0,14.0,2.0,0.0,0.0,0.0,0.0,0.0,8.25,2.33
Nate Jones,CWS,11.0,0.0,0.0,0.0,11.2,9.0,3.0,15.0,6.0,1.0,1.0,0.0,0.0,0.0,4.0,2.31,1.29
Ryan Garton,SEA,13.0,0.0,0.0,0.0,11.2,5.0,2.0,7.0,1.0,1.0,0.0,0.0,0.0,0.0,1.0,1.54,0.51
Ben Heller,NYY,9.0,0.0,0.0,0.0,11.0,5.0,1.0,9.0,6.0,0.0,1.0,0.0,0.0,0.0,0.0,0.82,1.0
Juan Nicasio,STL,9.0,0.0,0.0,0.0,11.0,9.0,2.0,11.0,2.0,1.0,2.0,0.0,4.0,0.0,0.0,1.64,1.0
J.P. Howell,TOR,16.0,0.0,0.0,0.0,11.0,13.0,9.0,6.0,7.0,2.0,1.0,1.0,0.0,1.0,0.0,7.36,1.82
Logan Verrett,BAL,4.0,0.0,0.0,0.0,10.2,11.0,5.0,9.0,3.0,3.0,2.0,0.0,0.0,0.0,0.0,4.22,1.31
Jake Diekman,TEX,11.0,0.0,0.0,0.0,10.2,4.0,3.0,13.0,10.0,1.0,0.0,0.0,1.0,0.0,5.0,2.53,1.31
Jimmie Sherfy,ARI,11.0,0.0,0.0,0.0,10.2,5.0,0.0,9.0,2.0,0.0,2.0,0.0,1.0,0.0,2.0,0.0,0.66
Jason Hursh,ATL,9.0,0.0,0.0,0.0,10.2,13.0,6.0,7.0,4.0,1.0,1.0,0.0,0.0,0.0,0.0,5.06,1.59
Victor Arano,PHI,10.0,0.0,0.0,0.0,10.2,6.0,2.0,13.0,4.0,0.0,1.0,0.0,0.0,0.0,2.0,1.69,0.94
Ryan Garton,TB,7.0,0.0,0.0,0.0,10.1,13.0,10.0,9.0,5.0,3.0,0.0,1.0,0.0,1.0,0.0,8.71,1.74
Luke Farrell,CIN,9.0,0.0,0.0,0.0,10.1,5.0,3.0,7.0,7.0,1.0,0.0,0.0,0.0,0.0,1.0,2.61,1.16
Artie Lewicki,DET,4.0,1.0,0.0,0.0,10.1,19.0,7.0,6.0,4.0,1.0,0.0,1.0,0.0,0.0,0.0,6.1,2.23
Neil Ramirez,SF,9.0,0.0,0.0,0.0,10.1,15.0,10.0,18.0,4.0,2.0,0.0,0.0,0.0,0.0,1.0,8.71,1.84
Brooks Pounders,LAA,11.0,0.0,0.0,0.0,10.1,17.0,12.0,12.0,5.0,4.0,1.0,0.0,0.0,0.0,0.0,10.45,2.13
Aaron Wilkerson,MIL,3.0,2.0,0.0,0.0,10.1,6.0,4.0,7.0,1.0,1.0,1.0,0.0,0.0,0.0,0.0,3.48,0.68
Josh Lindblom,PIT,4.0,0.0,0.0,0.0,10.1,18.0,9.0,10.0,3.0,0.0,0.0,0.0,0.0,0.0,0.0,7.84,2.03
Adam Wilk,MIN,3.0,1.0,0.0,0.0,10.1,16.0,9.0,6.0,8.0,3.0,0.0,1.0,0.0,0.0,0.0,7.84,2.32
Tyler Clippard,CWS,11.0,0.0,0.0,0.0,10.0,8.0,2.0,12.0,5.0,0.0,1.0,1.0,2.0,0.0,0.0,1.8,1.3
Al Alburquerque,KC,11.0,0.0,0.0,0.0,10.0,7.0,4.0,9.0,6.0,0.0,0.0,1.0,0.0,0.0,1.0,3.6,1.3
Chih-Wei Hu,TB,6.0,0.0,0.0,0.0,10.0,5.0,3.0,9.0,4.0,2.0,1.0,1.0,0.0,0.0,0.0,2.7,0.9
Zac Reininger,DET,10.0,0.0,0.0,0.0,9.2,15.0,8.0,5.0,3.0,3.0,0.0,0.0,0.0,0.0,0.0,7.45,1.86
Dylan Floro,CHC,3.0,0.0,0.0,0.0,9.2,15.0,7.0,6.0,2.0,2.0,0.0,0.0,0.0,0.0,0.0,6.52,1.76
Seth Maness,KC,8.0,0.0,0.0,0.0,9.2,16.0,4.0,4.0,2.0,3.0,1.0,0.0,0.0,1.0,0.0,3.72,1.86
Jeff Ferrell,DET,11.0,0.0,0.0,0.0,9.1,17.0,7.0,6.0,5.0,2.0,0.0,0.0,0.0,0.0,0.0,6.75,2.36
Cesar Valdez,OAK,4.0,1.0,0.0,0.0,9.1,14.0,10.0,5.0,4.0,4.0,0.0,0.0,0.0,0.0,0.0,9.64,1.93
Walker Buehler,LAD,8.0,0.0,0.0,0.0,9.1,11.0,8.0,12.0,8.0,2.0,1.0,0.0,0.0,0.0,1.0,7.71,2.04
Antonio Bastardo,PIT,9.0,0.0,0.0,0.0,9.0,16.0,15.0,8.0,9.0,5.0,0.0,1.0,0.0,0.0,0.0,15.0,2.78
Robbie Ross,BOS,8.0,0.0,0.0,0.0,9.0,12.0,7.0,9.0,5.0,0.0,0.0,0.0,0.0,0.0,1.0,7.0,1.89
Jacob Rhame,NYM,9.0,0.0,0.0,0.0,9.0,12.0,9.0,7.0,7.0,2.0,1.0,1.0,0.0,0.0,0.0,9.0,2.11
John Curtiss,MIN,9.0,0.0,0.0,0.0,8.2,9.0,8.0,10.0,2.0,2.0,0.0,0.0,0.0,0.0,0.0,8.31,1.27
Chaz Roe,TB,9.0,0.0,0.0,0.0,8.2,4.0,1.0,12.0,3.0,1.0,0.0,0.0,0.0,0.0,1.0,1.04,0.81
David Phelps,SEA,10.0,0.0,0.0,0.0,8.2,9.0,3.0,11.0,5.0,0.0,2.0,1.0,0.0,2.0,3.0,3.12,1.62
Michael Blazek,MIL,5.0,1.0,0.0,0.0,8.2,12.0,8.0,7.0,1.0,6.0,0.0,1.0,0.0,0.0,0.0,8.31,1.5
Kevin McGowan,NYM,8.0,0.0,0.0,0.0,8.2,8.0,5.0,8.0,6.0,2.0,0.0,0.0,0.0,0.0,0.0,5.19,1.62
Zach Putnam,CWS,7.0,0.0,0.0,0.0,8.2,2.0,1.0,9.0,1.0,0.0,0.0,0.0,0.0,0.0,1.0,1.04,0.35
Noe Ramirez,LAA,10.0,0.0,0.0,0.0,8.1,3.0,2.0,10.0,4.0,0.0,0.0,0.0,0.0,0.0,0.0,2.16,0.84
Sandy Alcantara,STL,8.0,0.0,0.0,0.0,8.1,9.0,4.0,10.0,6.0,2.0,0.0,0.0,0.0,0.0,0.0,4.32,1.8
Edward Paredes,LAD,10.0,0.0,0.0,0.0,8.1,8.0,3.0,11.0,0.0,1.0,1.0,0.0,0.0,0.0,0.0,3.24,0.96
Kyle Kendrick,BOS,2.0,2.0,0.0,0.0,8.1,18.0,12.0,3.0,3.0,1.0,0.0,2.0,0.0,0.0,0.0,12.96,2.52
Joaquin Benoit,PIT,8.0,0.0,0.0,0.0,8.1,11.0,7.0,3.0,6.0,2.0,0.0,2.0,0.0,1.0,0.0,7.56,2.04
Adam Kolarek,TB,12.0,0.0,0.0,0.0,8.1,9.0,6.0,4.0,4.0,2.0,1.0,0.0,0.0,0.0,2.0,6.48,1.56
Mike Hauschild,TEX,4.0,0.0,0.0,0.0,8.0,14.0,10.0,7.0,2.0,5.0,0.0,0.0,0.0,0.0,0.0,11.25,2.0
Nick Gardewine,TEX,12.0,0.0,0.0,0.0,8.0,10.0,5.0,3.0,7.0,1.0,0.0,0.0,0.0,0.0,0.0,5.63,2.13
Zach Lee,SD,3.0,1.0,0.0,0.0,8.0,8.0,5.0,6.0,8.0,1.0,1.0,0.0,0.0,0.0,0.0,5.63,2.0
Al Alburquerque,CWS,10.0,0.0,0.0,0.0,8.0,3.0,1.0,5.0,2.0,0.0,0.0,1.0,0.0,0.0,2.0,1.13,0.63
Cory Mazzoni,SD,6.0,0.0,0.0,0.0,8.0,17.0,12.0,4.0,4.0,5.0,0.0,0.0,0.0,0.0,0.0,13.5,2.63
Barrett Astin,CIN,6.0,0.0,0.0,0.0,8.0,9.0,6.0,2.0,7.0,2.0,0.0,0.0,0.0,0.0,0.0,6.75,2.0
Felix Jorge,MIN,2.0,2.0,0.0,0.0,7.2,14.0,9.0,4.0,2.0,4.0,1.0,0.0,0.0,0.0,0.0,10.57,2.09
Shae Simmons,SEA,9.0,0.0,0.0,0.0,7.2,4.0,6.0,8.0,4.0,1.0,0.0,2.0,0.0,0.0,0.0,7.04,1.04
Rubby De La Rosa,ARI,9.0,0.0,0.0,0.0,7.2,7.0,4.0,12.0,4.0,2.0,0.0,1.0,0.0,1.0,2.0,4.7,1.43
Evan Marshall,SEA,6.0,0.0,0.0,0.0,7.2,12.0,8.0,4.0,5.0,1.0,0.0,0.0,0.0,0.0,0.0,9.39,2.22
Jhan Marinez,TEX,4.0,0.0,0.0,0.0,7.2,7.0,2.0,5.0,3.0,0.0,0.0,0.0,0.0,0.0,0.0,2.35,1.3
Jean Machi,SEA,5.0,0.0,0.0,0.0,7.2,7.0,1.0,4.0,4.0,1.0,1.0,0.0,0.0,0.0,0.0,1.17,1.43
Bobby Wahl,OAK,7.0,0.0,0.0,0.0,7.2,8.0,4.0,8.0,4.0,0.0,0.0,0.0,0.0,0.0,0.0,4.7,1.57
Rob Whalen,SEA,2.0,1.0,0.0,0.0,7.1,7.0,5.0,2.0,2.0,1.0,0.0,1.0,0.0,0.0,0.0,6.14,1.23
Evan Scribner,SEA,8.0,0.0,0.0,0.0,7.1,13.0,9.0,6.0,0.0,3.0,0.0,2.0,0.0,0.0,0.0,11.05,1.77
Clay Buchholz,PHI,2.0,2.0,0.0,0.0,7.1,16.0,10.0,5.0,3.0,1.0,0.0,1.0,0.0,0.0,0.0,12.27,2.59
Akeel Morris,ATL,8.0,0.0,0.0,0.0,7.1,6.0,1.0,9.0,4.0,0.0,0.0,0.0,0.0,0.0,0.0,1.23,1.36
Alex Wimmers,MIN,6.0,0.0,0.0,0.0,7.1,8.0,4.0,7.0,8.0,2.0,0.0,0.0,0.0,0.0,0.0,4.91,2.18
Josh Lucas,STL,5.0,0.0,0.0,0.0,7.1,7.0,3.0,7.0,4.0,2.0,0.0,0.0,0.0,0.0,0.0,3.68,1.5
Victor Alcantara,DET,6.0,0.0,0.0,0.0,7.1,12.0,7.0,5.0,4.0,1.0,0.0,0.0,0.0,0.0,0.0,8.59,2.18
Ernesto Frieri,TEX,6.0,0.0,0.0,0.0,7.0,6.0,4.0,5.0,6.0,0.0,0.0,1.0,0.0,0.0,2.0,5.14,1.71
Zac Rosscup,COL,9.0,0.0,0.0,0.0,7.0,9.0,4.0,10.0,0.0,2.0,0.0,0.0,0.0,0.0,1.0,5.14,1.29
Reyes Moronta,SF,7.0,0.0,0.0,0.0,6.2,6.0,2.0,11.0,3.0,1.0,0.0,0.0,0.0,1.0,0.0,2.7,1.35
Sam Moll,OAK,11.0,0.0,0.0,0.0,6.2,13.0,8.0,7.0,3.0,2.0,0.0,0.0,0.0,0.0,3.0,10.8,2.4
Jaime Garcia,MIN,1.0,1.0,0.0,0.0,6.2,8.0,3.0,7.0,3.0,0.0,1.0,0.0,0.0,0.0,0.0,4.05,1.65
Carson Smith,BOS,8.0,0.0,0.0,0.0,6.2,7.0,1.0,7.0,2.0,0.0,0.0,0.0,1.0,0.0,0.0,1.35,1.35
Arcenio Leon,DET,6.0,0.0,0.0,0.0,6.2,7.0,9.0,2.0,6.0,0.0,0.0,0.0,0.0,0.0,0.0,12.15,1.95
Jace Fry,CWS,11.0,0.0,0.0,0.0,6.2,12.0,8.0,3.0,5.0,1.0,0.0,0.0,0.0,0.0,0.0,10.8,2.55
Jamie Callahan,NYM,9.0,0.0,0.0,0.0,6.2,7.0,3.0,5.0,1.0,0.0,0.0,0.0,0.0,1.0,1.0,4.05,1.2
Paolo Espino,TEX,6.0,0.0,0.0,0.0,6.1,6.0,4.0,7.0,2.0,2.0,0.0,0.0,0.0,0.0,1.0,5.68,1.26
Lucas Harrell,TOR,4.0,0.0,0.0,0.0,6.1,10.0,5.0,6.0,4.0,1.0,0.0,0.0,0.0,0.0,0.0,7.11,2.21
Edward Mujica,DET,5.0,0.0,0.0,0.0,6.1,11.0,7.0,7.0,0.0,4.0,0.0,0.0,0.0,0.0,1.0,9.95,1.74
Gabriel Moya,MIN,7.0,0.0,0.0,0.0,6.1,5.0,3.0,5.0,2.0,2.0,0.0,0.0,1.0,0.0,0.0,4.26,1.11
Tyler Webb,NYY,7.0,0.0,0.0,0.0,6.0,3.0,3.0,5.0,4.0,1.0,0.0,0.0,0.0,0.0,0.0,4.5,1.17
Jairo Labourt,DET,6.0,0.0,0.0,0.0,6.0,4.0,3.0,4.0,7.0,0.0,0.0,0.0,0.0,0.0,0.0,4.5,1.83
Casey Fien,PHI,4.0,0.0,0.0,0.0,6.0,14.0,7.0,4.0,2.0,2.0,0.0,1.0,0.0,0.0,0.0,10.5,2.67
Casey Fien,SEA,6.0,0.0,0.0,0.0,6.0,9.0,10.0,6.0,4.0,3.0,0.0,0.0,0.0,0.0,0.0,15.0,2.17
Alejandro Chacin,CIN,6.0,0.0,0.0,0.0,6.0,11.0,7.0,6.0,4.0,2.0,0.0,0.0,0.0,0.0,0.0,10.5,2.5
Onelki Garcia,KC,2.0,1.0,0.0,0.0,6.0,12.0,9.0,2.0,5.0,2.0,0.0,1.0,0.0,0.0,0.0,13.5,2.83
Jen-Ho Tseng,CHC,2.0,1.0,0.0,0.0,6.0,5.0,5.0,8.0,2.0,2.0,1.0,0.0,0.0,0.0,0.0,7.5,1.17
Kyle Ryan,DET,8.0,0.0,0.0,0.0,5.2,9.0,5.0,1.0,7.0,0.0,0.0,0.0,0.0,1.0,4.0,7.94,2.82
Diego Moreno,TB,5.0,0.0,0.0,0.0,5.2,6.0,3.0,6.0,2.0,1.0,0.0,1.0,0.0,0.0,0.0,4.76,1.41
Mike Morin,KC,6.0,0.0,0.0,0.0,5.2,8.0,5.0,6.0,3.0,0.0,0.0,0.0,0.0,0.0,0.0,7.94,1.94
Anthony Bass,TEX,2.0,0.0,0.0,0.0,5.2,14.0,9.0,1.0,0.0,1.0,0.0,0.0,0.0,0.0,0.0,14.29,2.47
Glen Perkins,MIN,8.0,0.0,0.0,0.0,5.2,8.0,6.0,2.0,5.0,0.0,0.0,0.0,0.0,0.0,0.0,9.53,2.29
Richard Rodriguez,BAL,5.0,0.0,0.0,0.0,5.2,12.0,9.0,3.0,3.0,4.0,0.0,0.0,0.0,0.0,0.0,14.29,2.65
Roberto Gomez,SF,4.0,0.0,0.0,0.0,5.1,9.0,5.0,6.0,1.0,0.0,0.0,0.0,0.0,0.0,0.0,8.44,1.88
Dillon Maples,CHC,6.0,0.0,0.0,0.0,5.1,6.0,6.0,11.0,6.0,0.0,0.0,0.0,0.0,0.0,0.0,10.13,2.25
Chris Smith,TOR,4.0,0.0,0.0,0.0,5.0,7.0,3.0,1.0,1.0,1.0,0.0,0.0,0.0,0.0,0.0,5.4,1.6
Edwin Jackson,BAL,3.0,0.0,0.0,0.0,5.0,11.0,4.0,2.0,4.0,2.0,0.0,0.0,0.0,0.0,0.0,7.2,3.0
Chris Heston,SEA,2.0,1.0,0.0,0.0,5.0,14.0,11.0,3.0,5.0,3.0,0.0,1.0,0.0,0.0,0.0,19.8,3.8
Ashur Tolliver,HOU,3.0,0.0,0.0,0.0,5.0,4.0,2.0,5.0,4.0,0.0,0.0,0.0,0.0,0.0,0.0,3.6,1.6
Kevin Siegrist,PHI,7.0,0.0,0.0,0.0,5.0,4.0,2.0,7.0,2.0,1.0,0.0,0.0,0.0,0.0,3.0,3.6,1.2
Jairo Diaz,COL,4.0,0.0,0.0,0.0,5.0,12.0,5.0,2.0,5.0,0.0,0.0,0.0,0.0,0.0,0.0,9.0,3.4
Jandel Gustave,HOU,6.0,0.0,0.0,0.0,5.0,5.0,3.0,2.0,7.0,0.0,0.0,0.0,0.0,0.0,0.0,5.4,2.4
Tyler Danish,CWS,1.0,1.0,0.0,0.0,5.0,3.0,0.0,6.0,6.0,0.0,1.0,0.0,0.0,0.0,0.0,0.0,1.8
Austin Adams,WAS,6.0,0.0,0.0,0.0,5.0,4.0,2.0,10.0,8.0,0.0,0.0,0.0,0.0,0.0,0.0,3.6,2.4
Zac Curtis,SEA,3.0,0.0,0.0,0.0,4.2,3.0,0.0,2.0,1.0,1.0,0.0,0.0,0.0,0.0,0.0,0.0,0.86
Mike Mayers,STL,3.0,0.0,0.0,0.0,4.2,8.0,6.0,3.0,4.0,2.0,0.0,0.0,0.0,0.0,0.0,11.57,2.57
Hunter Cervenka,MIA,5.0,0.0,0.0,0.0,4.2,1.0,8.0,6.0,8.0,0.0,0.0,0.0,0.0,0.0,0.0,15.43,1.93
Dillon Overton,SD,1.0,1.0,0.0,0.0,4.2,9.0,4.0,3.0,2.0,2.0,0.0,1.0,0.0,0.0,0.0,7.71,2.36
Taylor Williams,MIL,5.0,0.0,0.0,0.0,4.2,4.0,1.0,4.0,2.0,0.0,0.0,0.0,0.0,0.0,0.0,1.93,1.29
Noe Ramirez,BOS,2.0,0.0,0.0,0.0,4.2,3.0,2.0,4.0,1.0,2.0,0.0,0.0,0.0,0.0,0.0,3.86,0.86
Jordan Jankowski,HOU,3.0,0.0,0.0,0.0,4.1,7.0,6.0,5.0,2.0,3.0,1.0,0.0,0.0,0.0,0.0,12.46,2.08
Drew Rucinski,MIN,2.0,0.0,0.0,0.0,4.1,10.0,5.0,5.0,2.0,2.0,0.0,0.0,0.0,0.0,0.0,10.38,2.77
Craig Breslow,CLE,7.0,0.0,0.0,0.0,4.1,3.0,2.0,5.0,2.0,0.0,0.0,0.0,0.0,0.0,1.0,4.15,1.15
Jack Leathersich,PIT,6.0,0.0,0.0,0.0,4.1,3.0,0.0,6.0,2.0,0.0,0.0,0.0,0.0,0.0,1.0,0.0,1.15
Dietrich Enns,MIN,2.0,1.0,0.0,0.0,4.0,7.0,3.0,2.0,1.0,2.0,0.0,0.0,0.0,0.0,0.0,6.75,2.0
Kyle Lloyd,SD,1.0,1.0,0.0,0.0,4.0,6.0,4.0,2.0,2.0,1.0,0.0,0.0,0.0,0.0,0.0,9.0,2.0
Huston Street,LAA,4.0,0.0,0.0,0.0,4.0,2.0,0.0,3.0,1.0,0.0,0.0,0.0,0.0,0.0,0.0,0.0,0.75
Dan Runzler,PIT,8.0,0.0,0.0,0.0,4.0,7.0,2.0,4.0,2.0,2.0,0.0,0.0,0.0,0.0,0.0,4.5,2.25
Andrew Bailey,LAA,4.0,0.0,0.0,0.0,4.0,1.0,0.0,2.0,0.0,0.0,2.0,0.0,0.0,0.0,0.0,0.0,0.25
Tanner Scheppers,TEX,5.0,0.0,0.0,0.0,4.0,5.0,3.0,5.0,3.0,0.0,0.0,1.0,0.0,0.0,1.0,6.75,2.0
Shane Carle,COL,3.0,0.0,0.0,0.0,4.0,6.0,3.0,4.0,0.0,1.0,0.0,0.0,0.0,0.0,0.0,6.75,1.5
Keury Mella,CIN,2.0,0.0,0.0,0.0,4.0,5.0,3.0,1.0,2.0,1.0,0.0,0.0,0.0,0.0,0.0,6.75,1.75
Andres Machado,KC,2.0,0.0,0.0,0.0,3.2,10.0,9.0,1.0,3.0,2.0,0.0,0.0,0.0,0.0,0.0,22.09,3.55
Ryan Weber,SEA,1.0,1.0,0.0,0.0,3.2,3.0,1.0,0.0,0.0,0.0,0.0,0.0,0.0,0.0,0.0,2.45,0.82
Adam Wilk,NYM,1.0,1.0,0.0,0.0,3.2,8.0,5.0,2.0,1.0,3.0,0.0,1.0,0.0,0.0,0.0,12.27,2.45
Max Povse,SEA,3.0,0.0,0.0,0.0,3.2,9.0,3.0,2.0,1.0,1.0,0.0,0.0,0.0,0.0,0.0,7.36,2.73
Zac Curtis,PHI,3.0,0.0,0.0,0.0,3.2,3.0,1.0,4.0,2.0,0.0,0.0,0.0,0.0,0.0,0.0,2.45,1.36
Wilmer Font,LAD,3.0,0.0,0.0,0.0,3.2,7.0,7.0,3.0,4.0,2.0,0.0,0.0,0.0,0.0,0.0,17.18,3.0
Oliver Drake,BAL,3.0,0.0,0.0,0.0,3.1,6.0,3.0,3.0,3.0,0.0,0.0,0.0,0.0,0.0,0.0,8.1,2.7
Marco Gonzales,STL,1.0,1.0,0.0,0.0,3.1,6.0,5.0,2.0,0.0,3.0,0.0,0.0,0.0,0.0,0.0,13.5,1.8
Tim Melville,MIN,1.0,1.0,0.0,0.0,3.1,4.0,5.0,4.0,3.0,1.0,0.0,1.0,0.0,0.0,0.0,13.5,2.1
Adam Liberatore,LAD,4.0,0.0,0.0,0.0,3.1,3.0,1.0,5.0,2.0,0.0,0.0,0.0,0.0,0.0,1.0,2.7,1.5
Sean Gilmartin,NYM,2.0,0.0,0.0,0.0,3.1,8.0,5.0,4.0,1.0,2.0,0.0,0.0,0.0,0.0,0.0,13.5,2.7
Jason Wheeler,MIN,2.0,0.0,0.0,0.0,3.0,6.0,3.0,0.0,4.0,1.0,0.0,0.0,0.0,0.0,0.0,9.0,3.33
Aaron Blair,ATL,1.0,1.0,0.0,0.0,3.0,5.0,5.0,3.0,5.0,1.0,0.0,1.0,0.0,0.0,0.0,15.0,3.33
Xavier Cedeno,TB,9.0,0.0,0.0,0.0,3.0,7.0,4.0,0.0,4.0,3.0,1.0,1.0,0.0,3.0,0.0,12.0,3.67
Ronald Herrera,NYY,2.0,0.0,0.0,0.0,3.0,3.0,2.0,3.0,1.0,1.0,0.0,1.0,0.0,0.0,0.0,6.0,1.33
Trevor Gott,WAS,4.0,0.0,0.0,0.0,3.0,11.0,10.0,3.0,3.0,1.0,1.0,0.0,0.0,0.0,0.0,30.0,4.67
Jose De Leon,TB,1.0,0.0,0.0,0.0,2.2,4.0,3.0,2.0,3.0,1.0,1.0,0.0,0.0,0.0,0.0,10.13,2.63
Luke Farrell,KC,1.0,1.0,0.0,0.0,2.2,7.0,5.0,2.0,3.0,1.0,0.0,0.0,0.0,0.0,0.0,16.88,3.75
Randy Rosario,MIN,2.0,0.0,0.0,0.0,2.1,7.0,8.0,2.0,0.0,1.0,0.0,0.0,0.0,0.0,0.0,30.86,3.0
Brian Flynn,KC,1.0,0.0,0.0,0.0,2.1,3.0,1.0,0.0,0.0,0.0,0.0,0.0,0.0,0.0,0.0,3.86,1.29
Kyle Martin,BOS,2.0,0.0,0.0,0.0,2.1,2.0,1.0,1.0,2.0,1.0,0.0,0.0,0.0,0.0,0.0,3.86,1.71
Tim Melville,SD,2.0,0.0,0.0,0.0,2.1,3.0,2.0,3.0,3.0,0.0,0.0,0.0,0.0,0.0,0.0,7.71,2.57
Drew Anderson,PHI,2.0,0.0,0.0,0.0,2.1,6.0,6.0,2.0,1.0,0.0,0.0,0.0,0.0,0.0,0.0,23.14,3.0
Chaz Roe,ATL,3.0,0.0,0.0,0.0,2.0,3.0,2.0,1.0,2.0,0.0,0.0,0.0,0.0,0.0,0.0,9.0,2.5
Tyler Webb,MIL,2.0,0.0,0.0,0.0,2.0,6.0,2.0,3.0,1.0,1.0,0.0,0.0,0.0,1.0,0.0,9.0,3.5
T.J. House,TOR,2.0,0.0,0.0,0.0,2.0,3.0,1.0,1.0,1.0,0.0,0.0,0.0,0.0,0.0,0.0,4.5,2.0
Cody Martin,SEA,1.0,0.0,0.0,0.0,2.0,5.0,3.0,0.0,2.0,0.0,0.0,0.0,0.0,0.0,0.0,13.5,3.5
Seth Frankoff,CHC,1.0,0.0,0.0,0.0,2.0,4.0,2.0,2.0,0.0,1.0,0.0,1.0,0.0,0.0,0.0,9.0,2.0
Preston Claiborne,TEX,1.0,0.0,0.0,0.0,2.0,5.0,3.0,2.0,0.0,0.0,0.0,0.0,0.0,0.0,0.0,13.5,2.5
Jorge Lopez,MIL,1.0,0.0,0.0,0.0,2.0,4.0,1.0,0.0,1.0,0.0,0.0,0.0,0.0,0.0,0.0,4.5,2.5
Miguel Almonte,KC,2.0,0.0,0.0,0.0,2.0,5.0,3.0,0.0,2.0,0.0,0.0,0.0,0.0,0.0,0.0,13.5,3.5
Kyle Crockett,CLE,4.0,0.0,0.0,0.0,1.2,4.0,2.0,2.0,1.0,0.0,0.0,0.0,0.0,0.0,0.0,10.8,3.0
Tanner Scott,BAL,2.0,0.0,0.0,0.0,1.2,2.0,2.0,2.0,2.0,0.0,0.0,0.0,0.0,0.0,0.0,10.8,2.4
Nick Tepesch,MIN,1.0,1.0,0.0,0.0,1.2,5.0,1.0,2.0,2.0,1.0,0.0,1.0,0.0,0.0,0.0,5.4,4.2
Fabio Castillo,LAD,2.0,0.0,0.0,0.0,1.1,3.0,2.0,2.0,1.0,0.0,0.0,0.0,0.0,0.0,0.0,13.5,3.0
Wei-Chung Wang,MIL,8.0,0.0,0.0,0.0,1.1,5.0,2.0,2.0,0.0,1.0,0.0,0.0,0.0,0.0,0.0,13.5,3.75
Justin Marks,TB,1.0,0.0,0.0,0.0,1.1,2.0,1.0,1.0,1.0,1.0,0.0,0.0,0.0,0.0,0.0,6.75,2.25
Juan Nicasio,PHI,2.0,0.0,0.0,0.0,1.1,0.0,0.0,1.0,0.0,0.0,1.0,0.0,0.0,0.0,0.0,0.0,0.0
Kirby Yates,LAA,1.0,0.0,0.0,0.0,1.0,2.0,2.0,1.0,0.0,2.0,0.0,0.0,0.0,0.0,0.0,18.0,2.0
Daniel Slania,SF,1.0,0.0,0.0,0.0,1.0,0.0,0.0,0.0,0.0,0.0,0.0,0.0,0.0,0.0,0.0,0.0,0.0
Glenn Sparkman,TOR,2.0,0.0,0.0,0.0,1.0,9.0,7.0,1.0,1.0,0.0,0.0,0.0,0.0,0.0,0.0,63.0,10.0
Taylor Cole,TOR,1.0,0.0,0.0,0.0,1.0,6.0,4.0,1.0,1.0,0.0,0.0,0.0,0.0,0.0,0.0,36.0,7.0
Thyago Vieira,SEA,1.0,0.0,0.0,0.0,1.0,0.0,0.0,1.0,0.0,0.0,0.0,0.0,0.0,0.0,0.0,0.0,0.0
Jose Ruiz,SD,1.0,0.0,0.0,0.0,1.0,0.0,0.0,1.0,1.0,0.0,0.0,0.0,0.0,0.0,0.0,0.0,1.0
Pierce Johnson,CHC,1.0,0.0,0.0,0.0,1.0,2.0,0.0,2.0,1.0,0.0,0.0,0.0,0.0,0.0,0.0,0.0,3.0
David Goforth,MIL,1.0,0.0,0.0,0.0,1.0,0.0,0.0,0.0,1.0,0.0,0.0,0.0,0.0,0.0,0.0,0.0,1.0
Jose Valdez,LAA,1.0,0.0,0.0,0.0,1.0,1.0,2.0,1.0,1.0,1.0,0.0,0.0,0.0,0.0,0.0,18.0,2.0
Chris Heston,MIN,1.0,0.0,0.0,0.0,1.0,1.0,0.0,0.0,0.0,0.0,0.0,0.0,0.0,0.0,0.0,0.0,1.0
Tyler Cloyd,SEA,1.0,0.0,0.0,0.0,1.0,2.0,0.0,1.0,0.0,0.0,1.0,0.0,0.0,0.0,0.0,0.0,2.0
Jason Gurka,LAA,3.0,0.0,0.0,0.0,0.2,2.0,0.0,0.0,1.0,0.0,0.0,0.0,0.0,0.0,0.0,0.0,4.5
Taylor Jungmann,MIL,1.0,0.0,0.0,0.0,0.2,2.0,1.0,1.0,1.0,0.0,0.0,0.0,0.0,0.0,0.0,13.5,4.5
Pedro Beato,PHI,1.0,0.0,0.0,0.0,0.2,0.0,0.0,1.0,0.0,0.0,0.0,0.0,0.0,0.0,0.0,0.0,0.0
Jeremy Guthrie,WAS,1.0,1.0,0.0,0.0,0.2,6.0,10.0,0.0,4.0,0.0,0.0,1.0,0.0,0.0,0.0,135.0,15.0
Jack Leathersich,CHC,1.0,0.0,0.0,0.0,0.2,1.0,2.0,1.0,4.0,0.0,0.0,0.0,0.0,0.0,0.0,27.0,7.5
Zac Rosscup,CHC,1.0,0.0,0.0,0.0,0.2,0.0,0.0,0.0,0.0,0.0,0.0,0.0,0.0,0.0,0.0,0.0,0.0
Roenis Elias,BOS,1.0,0.0,0.0,0.0,0.1,0.0,0.0,1.0,1.0,0.0,0.0,0.0,0.0,0.0,0.0,0.0,3.0
Hunter Wood,TB,1.0,0.0,0.0,0.0,0.1,0.0,0.0,0.0,0.0,0.0,0.0,0.0,0.0,0.0,0.0,0.0,0.0
Damien Magnifico,LAA,1.0,0.0,0.0,0.0,0.1,0.0,0.0,1.0,2.0,0.0,0.0,0.0,0.0,0.0,0.0,0.0,6.0
William Cuevas,DET,1.0,0.0,0.0,0.0,0.1,3.0,4.0,1.0,0.0,0.0,0.0,0.0,0.0,0.0,0.0,108.0,9.0
